Date,BrandName,ProductName,Price,PriceUnit,RaiseDownType
2018-04-02,中国黄金,基础金价,271.4,元/克,涨
2018-03-30,中国黄金,基础金价,270.7,元/克,跌
2018-03-29,中国黄金,基础金价,271.8,元/克,跌
2018-03-28,中国黄金,基础金价,274.2,元/克,跌
2018-03-26,中国黄金,基础金价,275.9,元/克,涨
2018-03-23,中国黄金,基础金价,274.5,元/克,涨
2018-03-22,中国黄金,基础金价,273.1,元/克,涨
2018-03-21,中国黄金,基础金价,270.0,元/克,跌
2018-03-20,中国黄金,基础金价,270.2,元/克,涨
2018-03-19,中国黄金,基础金价,270.0,元/克,跌
2018-03-16,中国黄金,基础金价,270.5,元/克,跌
2012-11-28,中国黄金,基础金价,349.0,元/克,跌
2012-11-27,中国黄金,基础金价,350.5,元/克,涨
2012-11-26,中国黄金,基础金价,350.2,元/克,涨
2012-11-23,中国黄金,基础金价,347.2,元/克,跌
2012-11-22,中国黄金,基础金价,347.5,元/克,涨
2012-11-21,中国黄金,基础金价,347.4,元/克,跌
2012-11-20,中国黄金,基础金价,348.3,元/克,涨
2012-11-19,中国黄金,基础金价,346.3,元/克,涨
2012-11-16,中国黄金,基础金价,345.1,元/克,跌
2012-11-15,中国黄金,基础金价,346.4,元/克,跌
2012-11-14,中国黄金,基础金价,347.0,元/克,涨
2016-07-29,中国黄金,基础金价,287.9,元/克,平
2016-07-28,中国黄金,基础金价,287.9,元/克,涨
2016-07-27,中国黄金,基础金价,284.5,元/克,跌
2016-07-26,中国黄金,基础金价,285.3,元/克,涨
2016-07-25,中国黄金,基础金价,284.6,元/克,跌
2016-07-23,中国黄金,基础金价,385.7,元/克,跌
2016-07-22,中国黄金,基础金价,386.7,元/克,涨
2016-07-21,中国黄金,基础金价,283.4,元/克,跌
2016-07-20,中国黄金,基础金价,288.4,元/克,涨
2016-07-19,中国黄金,基础金价,287.7,元/克,涨
2016-07-18,中国黄金,基础金价,287.6,元/克,跌
2018-04-19,中国黄金,基础金价,274.7,元/克,涨
2018-04-18,中国黄金,基础金价,274.1,元/克,跌
2018-04-17,中国黄金,基础金价,274.2,元/克,跌
2018-04-16,中国黄金,基础金价,274.3,元/克,涨
2018-04-13,中国黄金,基础金价,273.4,元/克,跌
2018-04-12,中国黄金,基础金价,274.9,元/克,涨
2018-04-11,中国黄金,基础金价,273.2,元/克,平
2018-04-10,中国黄金,基础金价,273.2,元/克,涨
2018-04-09,中国黄金,基础金价,272.7,元/克,涨
2018-04-04,中国黄金,基础金价,272.6,元/克,跌
2018-04-03,中国黄金,基础金价,273.0,元/克,涨
2012-09-21,中国黄金,基础金价,360.0,元/克,涨
2012-09-20,中国黄金,基础金价,359.3,元/克,跌
2012-09-19,中国黄金,基础金价,359.8,元/克,涨
2012-09-18,中国黄金,基础金价,358.0,元/克,跌
2012-09-17,中国黄金,基础金价,361.9,元/克,涨
2012-09-14,中国黄金,基础金价,361.8,元/克,涨
2012-09-13,中国黄金,基础金价,353.3,元/克,跌
2012-09-12,中国黄金,基础金价,354.5,元/克,涨
2012-09-11,中国黄金,基础金价,353.6,元/克,跌
2012-09-10,中国黄金,基础金价,355.0,元/克,涨
2012-09-07,中国黄金,基础金价,346.5,元/克,跌
2016-08-26,中国黄金,基础金价,285.1,元/克,跌
2016-08-25,中国黄金,基础金价,286.0,元/克,跌
2016-08-24,中国黄金,基础金价,288.2,元/克,涨
2016-08-23,中国黄金,基础金价,287.9,元/克,涨
2016-08-22,中国黄金,基础金价,287.7,元/克,跌
2016-08-20,中国黄金,基础金价,288.6,元/克,跌
2016-08-19,中国黄金,基础金价,289.2,元/克,跌
2016-08-18,中国黄金,基础金价,290.0,元/克,涨
2016-08-17,中国黄金,基础金价,288.5,元/克,跌
2016-08-16,中国黄金,基础金价,288.6,元/克,涨
2016-08-15,中国黄金,基础金价,287.5,元/克,跌
2012-12-13,中国黄金,基础金价,342.7,元/克,跌
2012-12-12,中国黄金,基础金价,344.1,元/克,涨
2012-12-11,中国黄金,基础金价,343.3,元/克,涨
2012-12-10,中国黄金,基础金价,343.0,元/克,涨
2012-12-07,中国黄金,基础金价,341.8,元/克,涨
2012-12-06,中国黄金,基础金价,339.7,元/克,跌
2012-12-05,中国黄金,基础金价,340.7,元/克,跌
2012-12-04,中国黄金,基础金价,343.5,元/克,跌
2012-12-03,中国黄金,基础金价,345.0,元/克,跌
2012-11-30,中国黄金,基础金价,345.9,元/克,涨
2012-11-29,中国黄金,基础金价,345.5,元/克,跌
2018-05-10,中国黄金,基础金价,271.3,元/克,涨
2018-05-09,中国黄金,基础金价,271.2,元/克,跌
2018-05-08,中国黄金,基础金价,271.4,元/克,跌
2018-05-07,中国黄金,基础金价,271.5,元/克,涨
2018-05-04,中国黄金,基础金价,270.7,元/克,跌
2018-04-28,中国黄金,基础金价,271.9,元/克,涨
2018-04-27,中国黄金,基础金价,271.0,元/克,跌
2018-04-26,中国黄金,基础金价,271.9,元/克,跌
2018-04-25,中国黄金,基础金价,272.3,元/克,跌
2018-04-23,中国黄金,基础金价,272.6,元/克,跌
2018-04-20,中国黄金,基础金价,274.3,元/克,跌
2016-05-24,中国黄金,基础金价,264.8,元/克,跌
2016-05-23,中国黄金,基础金价,265.7,元/克,涨
2016-05-20,中国黄金,基础金价,265.6,元/克,跌
2016-05-19,中国黄金,基础金价,266.7,元/克,跌
2016-05-18,中国黄金,基础金价,269.9,元/克,涨
2016-05-17,中国黄金,基础金价,269.3,元/克,平
2016-05-16,中国黄金,基础金价,269.3,元/克,涨
2016-05-13,中国黄金,基础金价,267.4,元/克,跌
2016-05-12,中国黄金,基础金价,268.2,元/克,涨
2016-05-11,中国黄金,基础金价,267.0,元/克,涨
2016-05-10,中国黄金,基础金价,266.2,元/克,跌
2016-09-11,中国黄金,基础金价,286.9,元/克,平
2016-09-10,中国黄金,基础金价,286.9,元/克,跌
2016-09-09,中国黄金,基础金价,289.1,元/克,跌
2016-09-08,中国黄金,基础金价,290.2,元/克,跌
2016-09-07,中国黄金,基础金价,290.9,元/克,涨
2016-09-02,中国黄金,基础金价,283.6,元/克,涨
2016-09-01,中国黄金,基础金价,283.5,元/克,跌
2016-08-31,中国黄金,基础金价,284.1,元/克,跌
2016-08-30,中国黄金,基础金价,285.7,元/克,涨
2016-08-29,中国黄金,基础金价,284.8,元/克,跌
2016-08-28,中国黄金,基础金价,285.4,元/克,涨
2017-08-14,中国黄金,基础金价,277.8,元/克,跌
2017-08-12,中国黄金,基础金价,278.5,元/克,涨
2017-08-11,中国黄金,基础金价,277.5,元/克,涨
2017-08-10,中国黄金,基础金价,276.0,元/克,涨
2017-08-09,中国黄金,基础金价,274.8,元/克,涨
2017-08-08,中国黄金,基础金价,274.2,元/克,跌
2017-08-07,中国黄金,基础金价,274.5,元/克,跌
2017-08-05,中国黄金,基础金价,275.0,元/克,跌
2017-08-04,中国黄金,基础金价,276.1,元/克,涨
2017-08-03,中国黄金,基础金价,275.5,元/克,跌
2017-08-02,中国黄金,基础金价,276.2,元/克,跌
2016-07-16,中国黄金,基础金价,288.7,元/克,涨
2016-07-15,中国黄金,基础金价,287.4,元/克,跌
2016-07-14,中国黄金,基础金价,290.5,元/克,涨
2016-07-13,中国黄金,基础金价,288.2,元/克,跌
2016-07-12,中国黄金,基础金价,293.5,元/克,跌
2016-07-11,中国黄金,基础金价,295.9,元/克,涨
2016-07-09,中国黄金,基础金价,294.6,元/克,涨
2016-07-08,中国黄金,基础金价,292.2,元/克,跌
2016-07-07,中国黄金,基础金价,295.9,元/克,平
2016-07-06,中国黄金,基础金价,295.9,元/克,涨
2016-07-05,中国黄金,基础金价,289.4,元/克,跌
2015-03-23,中国黄金,基础金价,237.7,元/克,跌
2015-03-21,中国黄金,基础金价,238.4,元/克,涨
2015-03-20,中国黄金,基础金价,235.6,元/克,跌
2015-03-19,中国黄金,基础金价,236.6,元/克,涨
2015-03-18,中国黄金,基础金价,233.0,元/克,跌
2015-03-17,中国黄金,基础金价,234.2,元/克,跌
2015-03-16,中国黄金,基础金价,234.9,元/克,跌
2015-03-14,中国黄金,基础金价,235.1,元/克,跌
2015-03-13,中国黄金,基础金价,235.2,元/克,涨
2015-03-12,中国黄金,基础金价,233.8,元/克,跌
2015-03-11,中国黄金,基础金价,236.4,元/克,平
2018-03-15,中国黄金,基础金价,272.0,元/克,涨
2018-03-12,中国黄金,基础金价,271.7,元/克,跌
2018-03-09,中国黄金,基础金价,271.9,元/克,跌
2018-03-08,中国黄金,基础金价,272.8,元/克,跌
2018-03-07,中国黄金,基础金价,273.6,元/克,涨
2018-03-06,中国黄金,基础金价,272.1,元/克,跌
2018-03-05,中国黄金,基础金价,272.6,元/克,涨
2018-03-02,中国黄金,基础金价,271.6,元/克,涨
2018-03-01,中国黄金,基础金价,271.0,元/克,平
2018-02-28,中国黄金,基础金价,271.0,元/克,跌
2018-02-27,中国黄金,基础金价,273.1,元/克,跌
2012-12-28,中国黄金,基础金价,335.0,元/克,涨
2012-12-27,中国黄金,基础金价,333.9,元/克,涨
2012-12-26,中国黄金,基础金价,333.3,元/克,跌
2012-12-25,中国黄金,基础金价,334.1,元/克,涨
2012-12-24,中国黄金,基础金价,333.1,元/克,涨
2012-12-21,中国黄金,基础金价,329.5,元/克,跌
2012-12-20,中国黄金,基础金价,335.3,元/克,跌
2012-12-19,中国黄金,基础金价,337.0,元/克,跌
2012-12-18,中国黄金,基础金价,341.5,元/克,涨
2012-12-17,中国黄金,基础金价,341.0,元/克,跌
2012-12-14,中国黄金,基础金价,342.0,元/克,跌
2015-11-25,中国黄金,基础金价,223.5,元/克,平
2015-11-24,中国黄金,基础金价,222.1,元/克,跌
2015-11-23,中国黄金,基础金价,222.4,元/克,跌
2015-11-20,中国黄金,基础金价,223.8,元/克,涨
2015-11-19,中国黄金,基础金价,222.6,元/克,平
2015-11-18,中国黄金,基础金价,221.0,元/克,跌
2015-11-17,中国黄金,基础金价,224.5,元/克,跌
2015-11-16,中国黄金,基础金价,226.2,元/克,涨
2015-11-13,中国黄金,基础金价,223.8,元/克,跌
2015-11-12,中国黄金,基础金价,225.0,元/克,跌
2015-11-11,中国黄金,基础金价,225.5,元/克,涨
2018-05-25,中国黄金,基础金价,269.4,元/克,涨
2018-05-24,中国黄金,基础金价,267.9,元/克,涨
2018-05-23,中国黄金,基础金价,267.0,元/克,涨
2018-05-22,中国黄金,基础金价,266.9,元/克,跌
2018-05-21,中国黄金,基础金价,267.0,元/克,涨
2018-05-18,中国黄金,基础金价,266.6,元/克,跌
2018-05-17,中国黄金,基础金价,266.8,元/克,跌
2018-05-16,中国黄金,基础金价,267.5,元/克,跌
2018-05-15,中国黄金,基础金价,270.7,元/克,跌
2018-05-14,中国黄金,基础金价,271.5,元/克,平
2018-05-11,中国黄金,基础金价,271.5,元/克,涨
2012-09-06,中国黄金,基础金价,347.0,元/克,涨
2012-09-05,中国黄金,基础金价,346.6,元/克,跌
2012-09-04,中国黄金,基础金价,346.8,元/克,涨
2012-09-03,中国黄金,基础金价,346.0,元/克,涨
2012-08-31,中国黄金,基础金价,339.5,元/克,跌
2012-08-30,中国黄金,基础金价,339.8,元/克,跌
2012-08-29,中国黄金,基础金价,341.5,元/克,涨
2012-08-28,中国黄金,基础金价,340.5,元/克,跌
2012-08-27,中国黄金,基础金价,343.5,元/克,涨
2012-08-24,中国黄金,基础金价,341.5,元/克,涨
2012-08-23,中国黄金,基础金价,340.5,元/克,涨
2016-09-26,中国黄金,基础金价,288.6,元/克,跌
2016-09-23,中国黄金,基础金价,288.9,元/克,涨
2016-09-22,中国黄金,基础金价,287.7,元/克,涨
2016-09-21,中国黄金,基础金价,284.9,元/克,涨
2016-09-20,中国黄金,基础金价,284.0,元/克,跌
2016-09-19,中国黄金,基础金价,284.2,元/克,跌
2016-09-18,中国黄金,基础金价,285.8,元/克,跌
2016-09-15,中国黄金,基础金价,286.6,元/克,涨
2016-09-14,中国黄金,基础金价,286.2,元/克,跌
2016-09-13,中国黄金,基础金价,287.3,元/克,跌
2016-09-12,中国黄金,基础金价,287.4,元/克,涨
2015-12-10,中国黄金,基础金价,224.1,元/克,涨
2015-12-09,中国黄金,基础金价,224.0,元/克,涨
2015-12-08,中国黄金,基础金价,223.0,元/克,跌
2015-12-07,中国黄金,基础金价,225.0,元/克,涨
2015-12-04,中国黄金,基础金价,220.1,元/克,涨
2015-12-03,中国黄金,基础金价,218.4,元/克,跌
2015-12-02,中国黄金,基础金价,221.7,元/克,跌
2015-12-01,中国黄金,基础金价,222.5,元/克,涨
2015-11-30,中国黄金,基础金价,219.3,元/克,跌
2015-11-27,中国黄金,基础金价,222.5,元/克,平
2015-11-26,中国黄金,基础金价,222.5,元/克,跌
2013-01-15,中国黄金,基础金价,336.5,元/克,涨
2013-01-14,中国黄金,基础金价,335.0,元/克,跌
2013-01-11,中国黄金,基础金价,336.3,元/克,涨
2013-01-10,中国黄金,基础金价,333.4,元/克,跌
2013-01-09,中国黄金,基础金价,333.5,元/克,涨
2013-01-08,中国黄金,基础金价,332.0,元/克,跌
2013-01-07,中国黄金,基础金价,334.4,元/克,涨
2013-01-06,中国黄金,基础金价,333.3,元/克,平
2013-01-05,中国黄金,基础金价,333.3,元/克,涨
2013-01-04,中国黄金,基础金价,331.7,元/克,跌
2012-12-31,中国黄金,基础金价,333.6,元/克,跌
2018-06-11,中国黄金,基础金价,269.8,元/克,涨
2018-06-08,中国黄金,基础金价,268.8,元/克,涨
2018-06-07,中国黄金,基础金价,268.6,元/克,跌
2018-06-06,中国黄金,基础金价,269.0,元/克,涨
2018-06-05,中国黄金,基础金价,268.5,元/克,跌
2018-06-04,中国黄金,基础金价,269.2,元/克,跌
2018-06-01,中国黄金,基础金价,270.0,元/克,跌
2018-05-31,中国黄金,基础金价,270.3,元/克,跌
2018-05-30,中国黄金,基础金价,270.6,元/克,涨
2018-05-29,中国黄金,基础金价,269.5,元/克,涨
2018-05-28,中国黄金,基础金价,269.1,元/克,跌
2021-07-22,中国黄金,基础金价,374.9,元/克,跌
2021-07-21,中国黄金,基础金价,377.0,元/克,跌
2021-07-20,中国黄金,基础金价,379.3,元/克,涨
2021-07-19,中国黄金,基础金价,378.4,元/克,跌
2021-07-16,中国黄金,基础金价,380.6,元/克,涨
2021-07-15,中国黄金,基础金价,380.0,元/克,涨
2021-07-14,中国黄金,基础金价,377.8,元/克,涨
2021-07-13,中国黄金,基础金价,376.8,元/克,涨
2021-07-12,中国黄金,基础金价,376.2,元/克,跌
2021-07-09,中国黄金,基础金价,376.4,元/克,涨
2021-07-08,中国黄金,基础金价,375.5,元/克,跌
2016-10-07,中国黄金,基础金价,271.5,元/克,跌
2016-10-06,中国黄金,基础金价,277.0,元/克,涨
2016-10-05,中国黄金,基础金价,276.3,元/克,跌
2016-10-04,中国黄金,基础金价,286.0,元/克,跌
2016-10-03,中国黄金,基础金价,286.3,元/克,平
2016-10-02,中国黄金,基础金价,286.3,元/克,平
2016-10-01,中国黄金,基础金价,286.3,元/克,涨
2016-09-30,中国黄金,基础金价,285.7,元/克,跌
2016-09-29,中国黄金,基础金价,286.2,元/克,跌
2016-09-28,中国黄金,基础金价,286.7,元/克,跌
2016-09-27,中国黄金,基础金价,288.7,元/克,涨
2015-08-11,中国黄金,基础金价,225.0,元/克,涨
2015-08-10,中国黄金,基础金价,220.2,元/克,涨
2015-08-07,中国黄金,基础金价,219.2,元/克,涨
2015-08-06,中国黄金,基础金价,218.3,元/克,平
2015-08-05,中国黄金,基础金价,218.4,元/克,涨
2015-08-04,中国黄金,基础金价,218.0,元/克,跌
2015-08-03,中国黄金,基础金价,219.8,元/克,涨
2015-07-31,中国黄金,基础金价,218.7,元/克,跌
2015-07-30,中国黄金,基础金价,219.9,元/克,跌
2015-07-29,中国黄金,基础金价,220.8,元/克,涨
2015-07-28,中国黄金,基础金价,220.3,元/克,跌
2015-12-25,中国黄金,基础金价,225.7,元/克,涨
2015-12-24,中国黄金,基础金价,225.2,元/克,跌
2015-12-23,中国黄金,基础金价,225.7,元/克,跌
2015-12-22,中国黄金,基础金价,225.9,元/克,涨
2015-12-21,中国黄金,基础金价,224.5,元/克,涨
2015-12-18,中国黄金,基础金价,222.2,元/克,跌
2015-12-17,中国黄金,基础金价,224.5,元/克,涨
2015-12-16,中国黄金,基础金价,223.1,元/克,跌
2015-12-15,中国黄金,基础金价,223.5,元/克,跌
2015-12-14,中国黄金,基础金价,225.0,元/克,涨
2015-12-11,中国黄金,基础金价,223.0,元/克,跌
2013-01-30,中国黄金,基础金价,335.9,元/克,涨
2013-01-29,中国黄金,基础金价,334.5,元/克,跌
2013-01-28,中国黄金,基础金价,334.8,元/克,跌
2013-01-25,中国黄金,基础金价,336.0,元/克,跌
2013-01-24,中国黄金,基础金价,338.5,元/克,跌
2013-01-23,中国黄金,基础金价,340.7,元/克,涨
2013-01-22,中国黄金,基础金价,339.9,元/克,涨
2013-01-21,中国黄金,基础金价,339.8,元/克,涨
2013-01-18,中国黄金,基础金价,339.0,元/克,涨
2013-01-17,中国黄金,基础金价,337.9,元/克,跌
2013-01-16,中国黄金,基础金价,338.5,元/克,涨
2013-05-27,中国黄金,基础金价,280.5,元/克,跌
2013-05-24,中国黄金,基础金价,281.0,元/克,涨
2013-05-23,中国黄金,基础金价,278.5,元/克,跌
2013-05-22,中国黄金,基础金价,282.5,元/克,涨
2013-05-21,中国黄金,基础金价,281.7,元/克,涨
2013-05-20,中国黄金,基础金价,273.5,元/克,跌
2013-05-17,中国黄金,基础金价,281.0,元/克,跌
2013-05-16,中国黄金,基础金价,283.7,元/克,跌
2013-05-15,中国黄金,基础金价,290.0,元/克,跌
2013-05-14,中国黄金,基础金价,294.0,元/克,涨
2013-05-13,中国黄金,基础金价,293.0,元/克,跌
2018-07-02,中国黄金,基础金价,268.8,元/克,涨
2018-06-29,中国黄金,基础金价,268.1,元/克,跌
2018-06-28,中国黄金,基础金价,268.2,元/克,涨
2018-06-26,中国黄金,基础金价,268.0,元/克,涨
2018-06-25,中国黄金,基础金价,267.9,元/克,涨
2018-06-22,中国黄金,基础金价,266.8,元/克,跌
2018-06-20,中国黄金,基础金价,267.1,元/克,跌
2018-06-19,中国黄金,基础金价,268.2,元/克,跌
2018-06-15,中国黄金,基础金价,270.5,元/克,涨
2018-06-14,中国黄金,基础金价,269.3,元/克,涨
2018-06-13,中国黄金,基础金价,269.1,元/克,跌
2016-07-04,中国黄金,基础金价,291.9,元/克,涨
2016-07-02,中国黄金,基础金价,288.2,元/克,涨
2016-07-01,中国黄金,基础金价,285.2,元/克,涨
2016-06-30,中国黄金,基础金价,282.7,元/克,跌
2016-06-29,中国黄金,基础金价,283.2,元/克,跌
2016-06-28,中国黄金,基础金价,284.1,元/克,涨
2016-06-27,中国黄金,基础金价,284.0,元/克,涨
2016-06-25,中国黄金,基础金价,280.5,元/克,涨
2016-06-24,中国黄金,基础金价,272.3,元/克,涨
2016-06-23,中国黄金,基础金价,268.9,元/克,跌
2016-06-22,中国黄金,基础金价,270.5,元/克,跌
2012-08-22,中国黄金,基础金价,336.0,元/克,涨
2012-08-21,中国黄金,基础金价,332.6,元/克,涨
2012-08-20,中国黄金,基础金价,332.5,元/克,涨
2012-08-17,中国黄金,基础金价,331.7,元/克,涨
2012-08-16,中国黄金,基础金价,330.1,元/克,涨
2012-08-15,中国黄金,基础金价,329.4,元/克,跌
2012-08-14,中国黄金,基础金价,331.5,元/克,跌
2012-08-13,中国黄金,基础金价,333.0,元/克,涨
2012-08-10,中国黄金,基础金价,331.8,元/克,平
2012-08-09,中国黄金,基础金价,331.8,元/克,涨
2012-08-08,中国黄金,基础金价,331.4,元/克,跌
2016-10-19,中国黄金,基础金价,276.0,元/克,涨
2016-10-18,中国黄金,基础金价,274.4,元/克,涨
2016-10-17,中国黄金,基础金价,273.8,元/克,涨
2016-10-15,中国黄金,基础金价,273.7,元/克,跌
2016-10-14,中国黄金,基础金价,274.8,元/克,涨
2016-10-13,中国黄金,基础金价,273.8,元/克,跌
2016-10-12,中国黄金,基础金价,274.0,元/克,跌
2016-10-11,中国黄金,基础金价,274.2,元/克,跌
2016-10-10,中国黄金,基础金价,274.7,元/克,涨
2016-10-09,中国黄金,基础金价,272.1,元/克,平
2016-10-08,中国黄金,基础金价,272.1,元/克,涨
2018-02-26,中国黄金,基础金价,273.2,元/克,跌
2018-02-25,中国黄金,基础金价,273.4,元/克,涨
2018-02-10,中国黄金,基础金价,270.0,元/克,跌
2018-02-09,中国黄金,基础金价,271.7,元/克,涨
2018-02-08,中国黄金,基础金价,269.3,元/克,跌
2018-02-07,中国黄金,基础金价,272.0,元/克,跌
2018-02-06,中国黄金,基础金价,275.1,元/克,涨
2018-02-05,中国黄金,基础金价,273.2,元/克,跌
2018-02-02,中国黄金,基础金价,274.7,元/克,平
2018-02-01,中国黄金,基础金价,274.7,元/克,跌
2018-01-31,中国黄金,基础金价,275.2,元/克,跌
2014-04-02,中国黄金,基础金价,256.3,元/克,跌
2014-04-01,中国黄金,基础金价,256.6,元/克,涨
2014-03-31,中国黄金,基础金价,259.4,元/克,涨
2014-03-28,中国黄金,基础金价,258.6,元/克,跌
2014-03-27,中国黄金,基础金价,259.7,元/克,跌
2014-03-26,中国黄金,基础金价,261.9,元/克,涨
2014-03-25,中国黄金,基础金价,261.2,元/克,跌
2014-03-24,中国黄金,基础金价,264.9,元/克,跌
2014-03-21,中国黄金,基础金价,266.4,元/克,涨
2014-03-20,中国黄金,基础金价,266.0,元/克,跌
2014-03-19,中国黄金,基础金价,269.7,元/克,跌
2016-01-12,中国黄金,基础金价,233.2,元/克,跌
2016-01-11,中国黄金,基础金价,235.4,元/克,涨
2016-01-08,中国黄金,基础金价,235.1,元/克,跌
2016-01-07,中国黄金,基础金价,235.2,元/克,涨
2016-01-06,中国黄金,基础金价,227.7,元/克,涨
2016-01-05,中国黄金,基础金价,227.4,元/克,涨
2016-01-04,中国黄金,基础金价,224.5,元/克,涨
2015-12-31,中国黄金,基础金价,223.9,元/克,跌
2015-12-30,中国黄金,基础金价,225.2,元/克,跌
2015-12-29,中国黄金,基础金价,225.2,元/克,跌
2015-12-28,中国黄金,基础金价,225.6,元/克,跌
2012-03-01,中国黄金,基础金价,350.7,元/克,跌
2012-02-29,中国黄金,基础金价,362.9,元/克,涨
2012-02-28,中国黄金,基础金价,359.3,元/克,跌
2012-02-27,中国黄金,基础金价,360.6,元/克,跌
2012-02-24,中国黄金,基础金价,361.0,元/克,涨
2012-02-23,中国黄金,基础金价,360.1,元/克,涨
2012-02-22,中国黄金,基础金价,356.1,元/克,涨
2012-02-20,中国黄金,基础金价,353.0,元/克,涨
2012-02-17,中国黄金,基础金价,352.0,元/克,涨
2015-02-05,中国黄金,基础金价,257.0,元/克,涨
2015-02-04,中国黄金,基础金价,254.8,元/克,跌
2015-02-03,中国黄金,基础金价,257.3,元/克,跌
2015-02-02,中国黄金,基础金价,258.8,元/克,跌
2015-02-01,中国黄金,基础金价,259.7,元/克,涨
2015-01-30,中国黄金,基础金价,254.2,元/克,跌
2015-01-29,中国黄金,基础金价,258.6,元/克,跌
2015-01-28,中国黄金,基础金价,260.1,元/克,跌
2015-01-26,中国黄金,基础金价,261.5,元/克,涨
2015-01-23,中国黄金,基础金价,260.8,元/克,涨
2015-01-22,中国黄金,基础金价,259.5,元/克,跌
2013-02-20,中国黄金,基础金价,326.5,元/克,跌
2013-02-19,中国黄金,基础金价,327.4,元/克,涨
2013-02-18,中国黄金,基础金价,327.0,元/克,涨
2013-02-17,中国黄金,基础金价,325.2,元/克,平
2013-02-16,中国黄金,基础金价,325.2,元/克,跌
2013-02-07,中国黄金,基础金价,338.0,元/克,涨
2013-02-06,中国黄金,基础金价,337.1,元/克,跌
2013-02-05,中国黄金,基础金价,337.5,元/克,涨
2013-02-04,中国黄金,基础金价,336.7,元/克,涨
2013-02-01,中国黄金,基础金价,335.0,元/克,跌
2013-01-31,中国黄金,基础金价,338.4,元/克,涨
2018-07-17,中国黄金,基础金价,268.5,元/克,跌
2018-07-16,中国黄金,基础金价,269.2,元/克,跌
2018-07-13,中国黄金,基础金价,269.3,元/克,跌
2018-07-12,中国黄金,基础金价,269.8,元/克,跌
2018-07-11,中国黄金,基础金价,270.1,元/克,涨
2018-07-10,中国黄金,基础金价,269.3,元/克,跌
2018-07-09,中国黄金,基础金价,270.3,元/克,涨
2018-07-06,中国黄金,基础金价,269.9,元/克,涨
2018-07-05,中国黄金,基础金价,269.8,元/克,跌
2018-07-04,中国黄金,基础金价,270.0,元/克,涨
2018-07-03,中国黄金,基础金价,269.0,元/克,涨
2021-09-07,中国黄金,基础金价,379.7,元/克,跌
2021-09-06,中国黄金,基础金价,380.2,元/克,涨
2021-09-03,中国黄金,基础金价,377.3,元/克,跌
2021-09-02,中国黄金,基础金价,377.4,元/克,平
2021-09-01,中国黄金,基础金价,377.4,元/克,跌
2021-08-31,中国黄金,基础金价,377.8,元/克,跌
2021-08-30,中国黄金,基础金价,378.0,元/克,涨
2021-08-27,中国黄金,基础金价,375.5,元/克,涨
2021-08-26,中国黄金,基础金价,374.0,元/克,跌
2021-08-25,中国黄金,基础金价,375.0,元/克,跌
2021-08-24,中国黄金,基础金价,376.5,元/克,涨
2017-08-28,中国黄金,基础金价,278.6,元/克,跌
2017-08-26,中国黄金,基础金价,278.7,元/克,涨
2017-08-25,中国黄金,基础金价,277.7,元/克,跌
2017-08-24,中国黄金,基础金价,278.1,元/克,涨
2017-08-23,中国黄金,基础金价,277.6,元/克,跌
2017-08-22,中国黄金,基础金价,278.5,元/克,涨
2017-08-21,中国黄金,基础金价,277.7,元/克,跌
2017-08-18,中国黄金,基础金价,278.1,元/克,跌
2017-08-17,中国黄金,基础金价,278.2,元/克,涨
2017-08-16,中国黄金,基础金价,275.4,元/克,跌
2017-08-15,中国黄金,基础金价,275.9,元/克,跌
2016-11-03,中国黄金,基础金价,284.7,元/克,涨
2016-11-02,中国黄金,基础金价,282.6,元/克,涨
2016-11-01,中国黄金,基础金价,280.6,元/克,跌
2016-10-31,中国黄金,基础金价,281.0,元/克,涨
2016-10-28,中国黄金,基础金价,279.3,元/克,涨
2016-10-27,中国黄金,基础金价,278.7,元/克,跌
2016-10-26,中国黄金,基础金价,279.5,元/克,涨
2016-10-25,中国黄金,基础金价,278.0,元/克,涨
2016-10-24,中国黄金,基础金价,277.2,元/克,涨
2016-10-21,中国黄金,基础金价,277.0,元/克,跌
2016-10-20,中国黄金,基础金价,277.7,元/克,涨
2015-10-26,中国黄金,基础金价,239.5,元/克,跌
2015-10-23,中国黄金,基础金价,240.2,元/克,涨
2015-10-22,中国黄金,基础金价,239.7,元/克,跌
2015-10-21,中国黄金,基础金价,241.7,元/克,涨
2015-10-20,中国黄金,基础金价,240.2,元/克,跌
2015-10-19,中国黄金,基础金价,240.7,元/克,跌
2015-10-16,中国黄金,基础金价,242.0,元/克,跌
2015-10-15,中国黄金,基础金价,242.2,元/克,涨
2015-10-14,中国黄金,基础金价,240.2,元/克,涨
2015-10-13,中国黄金,基础金价,236.3,元/克,跌
2015-10-12,中国黄金,基础金价,237.2,元/克,跌
2021-07-07,中国黄金,基础金价,375.6,元/克,涨
2021-07-06,中国黄金,基础金价,374.7,元/克,涨
2021-07-05,中国黄金,基础金价,372.8,元/克,涨
2021-07-02,中国黄金,基础金价,371.3,元/克,涨
2021-07-01,中国黄金,基础金价,370.4,元/克,涨
2021-06-30,中国黄金,基础金价,367.0,元/克,跌
2021-06-29,中国黄金,基础金价,369.7,元/克,跌
2021-06-28,中国黄金,基础金价,370.6,元/克,涨
2021-06-25,中国黄金,基础金价,370.4,元/克,跌
2021-06-24,中国黄金,基础金价,370.9,元/克,跌
2021-06-23,中国黄金,基础金价,372.3,元/克,跌
2016-01-27,中国黄金,基础金价,238.5,元/克,涨
2016-01-26,中国黄金,基础金价,236.3,元/克,涨
2016-01-25,中国黄金,基础金价,234.2,元/克,平
2016-01-22,中国黄金,基础金价,234.2,元/克,跌
2016-01-21,中国黄金,基础金价,234.6,元/克,涨
2016-01-20,中国黄金,基础金价,232.1,元/克,跌
2016-01-19,中国黄金,基础金价,232.3,元/克,跌
2016-01-18,中国黄金,基础金价,232.8,元/克,涨
2016-01-15,中国黄金,基础金价,230.6,元/克,跌
2016-01-14,中国黄金,基础金价,232.8,元/克,涨
2016-01-13,中国黄金,基础金价,231.6,元/克,跌
2021-04-19,中国黄金,基础金价,375.5,元/克,涨
2021-04-16,中国黄金,基础金价,372.5,元/克,涨
2021-04-15,中国黄金,基础金价,367.9,元/克,跌
2021-04-14,中国黄金,基础金价,369.2,元/克,涨
2021-04-13,中国黄金,基础金价,367.3,元/克,跌
2021-04-12,中国黄金,基础金价,368.8,元/克,跌
2021-04-09,中国黄金,基础金价,371.2,元/克,涨
2021-04-08,中国黄金,基础金价,368.1,元/克,涨
2021-04-07,中国黄金,基础金价,367.5,元/克,跌
2021-04-06,中国黄金,基础金价,368.2,元/克,跌
2021-04-02,中国黄金,基础金价,368.5,元/克,涨
2012-03-16,中国黄金,基础金价,340.7,元/克,涨
2012-03-15,中国黄金,基础金价,337.8,元/克,跌
2012-03-14,中国黄金,基础金价,343.7,元/克,跌
2012-03-13,中国黄金,基础金价,348.0,元/克,跌
2012-03-12,中国黄金,基础金价,349.0,元/克,涨
2012-03-09,中国黄金,基础金价,347.8,元/克,涨
2012-03-08,中国黄金,基础金价,344.1,元/克,涨
2012-03-07,中国黄金,基础金价,343.0,元/克,跌
2012-03-06,中国黄金,基础金价,347.8,元/克,跌
2012-03-05,中国黄金,基础金价,349.3,元/克,跌
2012-03-02,中国黄金,基础金价,350.5,元/克,跌
2014-04-18,中国黄金,基础金价,259.3,元/克,跌
2014-04-17,中国黄金,基础金价,260.4,元/克,涨
2014-04-16,中国黄金,基础金价,259.7,元/克,跌
2014-04-15,中国黄金,基础金价,265.4,元/克,跌
2014-04-14,中国黄金,基础金价,265.7,元/克,涨
2014-04-11,中国黄金,基础金价,263.3,元/克,涨
2014-04-10,中国黄金,基础金价,262.7,元/克,涨
2014-04-09,中国黄金,基础金价,261.9,元/克,涨
2014-04-08,中国黄金,基础金价,259.7,元/克,涨
2014-04-04,中国黄金,基础金价,257.0,元/克,跌
2014-04-03,中国黄金,基础金价,258.0,元/克,涨
2013-03-07,中国黄金,基础金价,319.9,元/克,跌
2013-03-06,中国黄金,基础金价,320.4,元/克,涨
2013-03-05,中国黄金,基础金价,320.3,元/克,跌
2013-03-04,中国黄金,基础金价,321.0,元/克,跌
2013-03-01,中国黄金,基础金价,322.0,元/克,跌
2013-02-28,中国黄金,基础金价,325.0,元/克,跌
2013-02-27,中国黄金,基础金价,327.0,元/克,涨
2013-02-26,中国黄金,基础金价,325.2,元/克,涨
2013-02-25,中国黄金,基础金价,322.1,元/克,涨
2013-02-22,中国黄金,基础金价,321.5,元/克,涨
2013-02-21,中国黄金,基础金价,317.4,元/克,跌
2015-11-10,中国黄金,基础金价,225.2,元/克,涨
2015-11-09,中国黄金,基础金价,225.0,元/克,跌
2015-11-06,中国黄金,基础金价,228.5,元/克,涨
2015-11-05,中国黄金,基础金价,228.3,元/克,跌
2015-11-04,中国黄金,基础金价,230.1,元/克,跌
2015-11-03,中国黄金,基础金价,233.0,元/克,跌
2015-11-02,中国黄金,基础金价,233.5,元/克,跌
2015-10-30,中国黄金,基础金价,235.6,元/克,跌
2015-10-29,中国黄金,基础金价,239.0,元/克,跌
2015-10-28,中国黄金,基础金价,239.9,元/克,涨
2015-10-27,中国黄金,基础金价,239.1,元/克,跌
2016-06-21,中国黄金,基础金价,273.9,元/克,涨
2016-06-20,中国黄金,基础金价,273.5,元/克,涨
2016-06-17,中国黄金,基础金价,272.8,元/克,跌
2016-06-16,中国黄金,基础金价,274.2,元/克,涨
2016-06-15,中国黄金,基础金价,273.6,元/克,涨
2016-06-14,中国黄金,基础金价,272.5,元/克,涨
2016-06-13,中国黄金,基础金价,271.2,元/克,涨
2016-06-12,中国黄金,基础金价,270.6,元/克,平
2016-06-11,中国黄金,基础金价,270.6,元/克,涨
2016-06-10,中国黄金,基础金价,269.6,元/克,涨
2016-06-09,中国黄金,基础金价,268.3,元/克,涨
2012-08-07,中国黄金,基础金价,331.5,元/克,涨
2012-08-06,中国黄金,基础金价,330.3,元/克,涨
2012-08-03,中国黄金,基础金价,328.0,元/克,跌
2012-08-02,中国黄金,基础金价,329.5,元/克,跌
2012-08-01,中国黄金,基础金价,331.3,元/克,跌
2012-07-31,中国黄金,基础金价,333.1,元/克,平
2012-07-30,中国黄金,基础金价,333.1,元/克,涨
2012-07-27,中国黄金,基础金价,332.0,元/克,涨
2012-07-26,中国黄金,基础金价,330.2,元/克,涨
2012-07-25,中国黄金,基础金价,326.5,元/克,涨
2012-07-24,中国黄金,基础金价,325.0,元/克,跌
2016-11-18,中国黄金,基础金价,271.7,元/克,跌
2016-11-17,中国黄金,基础金价,274.8,元/克,跌
2016-11-16,中国黄金,基础金价,275.0,元/克,涨
2016-11-15,中国黄金,基础金价,273.7,元/克,涨
2016-11-14,中国黄金,基础金价,270.0,元/克,跌
2016-11-11,中国黄金,基础金价,279.0,元/克,跌
2016-11-10,中国黄金,基础金价,283.6,元/克,跌
2016-11-09,中国黄金,基础金价,286.2,元/克,涨
2016-11-08,中国黄金,基础金价,281.4,元/克,跌
2016-11-07,中国黄金,基础金价,283.6,元/克,跌
2016-11-04,中国黄金,基础金价,284.8,元/克,涨
2021-06-22,中国黄金,基础金价,372.8,元/克,涨
2021-06-21,中国黄金,基础金价,369.9,元/克,跌
2021-06-18,中国黄金,基础金价,371.0,元/克,跌
2021-06-17,中国黄金,基础金价,375.8,元/克,跌
2021-06-16,中国黄金,基础金价,381.1,元/克,涨
2021-06-15,中国黄金,基础金价,380.6,元/克,跌
2021-06-11,中国黄金,基础金价,387.8,元/克,涨
2021-06-10,中国黄金,基础金价,384.8,元/克,跌
2021-06-09,中国黄金,基础金价,386.3,元/克,涨
2021-06-08,中国黄金,基础金价,386.2,元/克,涨
2021-06-07,中国黄金,基础金价,384.6,元/克,涨
2016-02-18,中国黄金,基础金价,254.5,元/克,涨
2016-02-17,中国黄金,基础金价,253.6,元/克,涨
2016-02-16,中国黄金,基础金价,252.8,元/克,跌
2016-02-15,中国黄金,基础金价,257.2,元/克,涨
2016-02-05,中国黄金,基础金价,244.6,元/克,涨
2016-02-04,中国黄金,基础金价,242.5,元/克,涨
2016-02-03,中国黄金,基础金价,240.0,元/克,跌
2016-02-02,中国黄金,基础金价,240.1,元/克,涨
2016-02-01,中国黄金,基础金价,238.2,元/克,涨
2016-01-29,中国黄金,基础金价,237.4,元/克,跌
2016-01-28,中国黄金,基础金价,238.5,元/克,平
2012-03-31,中国黄金,基础金价,340.2,元/克,涨
2012-03-30,中国黄金,基础金价,339.2,元/克,涨
2012-03-29,中国黄金,基础金价,339.0,元/克,跌
2012-03-28,中国黄金,基础金价,343.0,元/克,跌
2012-03-27,中国黄金,基础金价,344.0,元/克,涨
2012-03-26,中国黄金,基础金价,340.1,元/克,涨
2012-03-23,中国黄金,基础金价,337.5,元/克,跌
2012-03-22,中国黄金,基础金价,338.5,元/克,跌
2012-03-21,中国黄金,基础金价,339.5,元/克,平
2012-03-20,中国黄金,基础金价,339.5,元/克,跌
2012-03-19,中国黄金,基础金价,340.9,元/克,涨
2016-03-04,中国黄金,基础金价,265.7,元/克,涨
2016-03-03,中国黄金,基础金价,261.8,元/克,涨
2016-03-02,中国黄金,基础金价,260.0,元/克,跌
2016-03-01,中国黄金,基础金价,263.4,元/克,涨
2016-02-29,中国黄金,基础金价,259.5,元/克,跌
2016-02-26,中国黄金,基础金价,261.6,元/克,涨
2016-02-25,中国黄金,基础金价,260.5,元/克,涨
2016-02-24,中国黄金,基础金价,258.2,元/克,涨
2016-02-23,中国黄金,基础金价,255.9,元/克,跌
2016-02-22,中国黄金,基础金价,257.8,元/克,跌
2016-02-19,中国黄金,基础金价,258.1,元/克,涨
2012-04-18,中国黄金,基础金价,336.8,元/克,涨
2012-04-17,中国黄金,基础金价,336.5,元/克,跌
2012-04-16,中国黄金,基础金价,337.1,元/克,跌
2012-04-13,中国黄金,基础金价,340.9,元/克,涨
2012-04-12,中国黄金,基础金价,338.4,元/克,涨
2012-04-11,中国黄金,基础金价,337.9,元/克,涨
2012-04-10,中国黄金,基础金价,337.5,元/克,涨
2012-04-09,中国黄金,基础金价,335.2,元/克,涨
2012-04-06,中国黄金,基础金价,332.8,元/克,涨
2012-04-05,中国黄金,基础金价,332.1,元/克,跌
2012-04-01,中国黄金,基础金价,340.2,元/克,平
2021-09-23,中国黄金,基础金价,369.0,元/克,跌
2021-09-22,中国黄金,基础金价,372.4,元/克,涨
2021-09-18,中国黄金,基础金价,368.0,元/克,涨
2021-09-17,中国黄金,基础金价,366.5,元/克,跌
2021-09-16,中国黄金,基础金价,372.7,元/克,跌
2021-09-15,中国黄金,基础金价,374.8,元/克,涨
2021-09-14,中国黄金,基础金价,372.7,元/克,跌
2021-09-13,中国黄金,基础金价,373.0,元/克,跌
2021-09-10,中国黄金,基础金价,373.7,元/克,涨
2021-09-09,中国黄金,基础金价,372.6,元/克,跌
2021-09-08,中国黄金,基础金价,375.1,元/克,跌
2015-10-10,中国黄金,基础金价,237.9,元/克,涨
2015-10-09,中国黄金,基础金价,235.2,元/克,涨
2015-10-08,中国黄金,基础金价,235.0,元/克,跌
2015-10-07,中国黄金,基础金价,238.4,元/克,涨
2015-10-06,中国黄金,基础金价,235.5,元/克,涨
2015-10-05,中国黄金,基础金价,235.2,元/克,跌
2015-10-04,中国黄金,基础金价,235.6,元/克,平
2015-10-03,中国黄金,基础金价,235.6,元/克,涨
2015-10-01,中国黄金,基础金价,231.5,元/克,平
2015-09-30,中国黄金,基础金价,231.5,元/克,跌
2015-09-29,中国黄金,基础金价,233.3,元/克,跌
2018-01-15,中国黄金,基础金价,280.1,元/克,涨
2018-01-12,中国黄金,基础金价,279.1,元/克,涨
2018-01-11,中国黄金,基础金价,278.7,元/克,涨
2018-01-10,中国黄金,基础金价,277.7,元/克,跌
2018-01-09,中国黄金,基础金价,277.9,元/克,平
2018-01-08,中国黄金,基础金价,277.9,元/克,涨
2018-01-05,中国黄金,基础金价,277.7,元/克,跌
2018-01-04,中国黄金,基础金价,277.8,元/克,平
2018-01-03,中国黄金,基础金价,277.8,元/克,涨
2018-01-02,中国黄金,基础金价,276.0,元/克,涨
2017-12-29,中国黄金,基础金价,275.0,元/克,涨
2018-11-26,中国黄金,基础金价,275.5,元/克,跌
2018-11-23,中国黄金,基础金价,275.7,元/克,涨
2018-11-22,中国黄金,基础金价,274.8,元/克,平
2018-11-21,中国黄金,基础金价,274.8,元/克,平
2018-11-20,中国黄金,基础金价,274.8,元/克,平
2018-11-19,中国黄金,基础金价,274.8,元/克,涨
2018-11-16,中国黄金,基础金价,273.0,元/克,涨
2018-11-15,中国黄金,基础金价,272.2,元/克,涨
2018-11-14,中国黄金,基础金价,271.2,元/克,跌
2018-11-13,中国黄金,基础金价,272.0,元/克,跌
2018-11-12,中国黄金,基础金价,272.7,元/克,跌
2016-03-21,中国黄金,基础金价,262.3,元/克,跌
2016-03-18,中国黄金,基础金价,264.1,元/克,涨
2016-03-17,中国黄金,基础金价,263.7,元/克,涨
2016-03-16,中国黄金,基础金价,259.3,元/克,涨
2016-03-15,中国黄金,基础金价,258.5,元/克,跌
2016-03-14,中国黄金,基础金价,263.4,元/克,跌
2016-03-11,中国黄金,基础金价,268.0,元/克,涨
2016-03-10,中国黄金,基础金价,263.4,元/克,跌
2016-03-09,中国黄金,基础金价,263.8,元/克,跌
2016-03-08,中国黄金,基础金价,266.7,元/克,涨
2016-03-07,中国黄金,基础金价,264.9,元/克,跌
2013-04-24,中国黄金,基础金价,289.0,元/克,跌
2013-04-23,中国黄金,基础金价,291.2,元/克,涨
2013-04-22,中国黄金,基础金价,288.5,元/克,涨
2013-04-19,中国黄金,基础金价,279.8,元/克,涨
2013-04-18,中国黄金,基础金价,273.7,元/克,跌
2013-04-17,中国黄金,基础金价,275.9,元/克,涨
2013-04-16,中国黄金,基础金价,270.5,元/克,跌
2013-04-15,中国黄金,基础金价,290.0,元/克,跌
2013-04-12,中国黄金,基础金价,312.7,元/克,涨
2013-04-11,中国黄金,基础金价,312.2,元/克,跌
2013-04-10,中国黄金,基础金价,317.5,元/克,涨
2018-09-03,中国黄金,基础金价,266.1,元/克,跌
2018-08-31,中国黄金,基础金价,266.7,元/克,涨
2018-08-30,中国黄金,基础金价,266.6,元/克,涨
2018-08-29,中国黄金,基础金价,265.9,元/克,跌
2018-08-28,中国黄金,基础金价,267.0,元/克,涨
2018-08-27,中国黄金,基础金价,266.2,元/克,涨
2018-08-24,中国黄金,基础金价,265.1,元/克,跌
2018-08-23,中国黄金,基础金价,265.4,元/克,平
2018-08-22,中国黄金,基础金价,265.4,元/克,涨
2018-08-21,中国黄金,基础金价,264.4,元/克,涨
2018-08-20,中国黄金,基础金价,263.4,元/克,涨
2021-08-23,中国黄金,基础金价,374.0,元/克,平
2021-08-20,中国黄金,基础金价,374.0,元/克,涨
2021-08-19,中国黄金,基础金价,373.1,元/克,跌
2021-08-18,中国黄金,基础金价,374.2,元/克,涨
2021-08-17,中国黄金,基础金价,372.8,元/克,涨
2021-08-16,中国黄金,基础金价,372.0,元/克,涨
2021-08-13,中国黄金,基础金价,366.7,元/克,涨
2021-08-12,中国黄金,基础金价,365.8,元/克,涨
2021-08-11,中国黄金,基础金价,362.0,元/克,跌
2021-08-10,中国黄金,基础金价,363.1,元/克,跌
2021-08-09,中国黄金,基础金价,363.5,元/克,跌
2013-08-28,中国黄金,基础金价,281.2,元/克,涨
2013-08-27,中国黄金,基础金价,277.7,元/克,跌
2013-08-26,中国黄金,基础金价,278.2,元/克,涨
2013-08-23,中国黄金,基础金价,273.8,元/克,涨
2013-08-22,中国黄金,基础金价,272.2,元/克,跌
2013-08-21,中国黄金,基础金价,273.5,元/克,涨
2013-08-20,中国黄金,基础金价,273.0,元/克,跌
2013-08-19,中国黄金,基础金价,275.9,元/克,涨
2013-08-16,中国黄金,基础金价,272.8,元/克,涨
2013-08-15,中国黄金,基础金价,268.5,元/克,涨
2013-08-14,中国黄金,基础金价,265.4,元/克,跌
2015-02-25,中国黄金,基础金价,245.1,元/克,跌
2015-02-20,中国黄金,基础金价,245.2,元/克,跌
2015-02-17,中国黄金,基础金价,248.1,元/克,跌
2015-02-14,中国黄金,基础金价,248.5,元/克,涨
2015-02-13,中国黄金,基础金价,247.4,元/克,涨
2015-02-12,中国黄金,基础金价,247.0,元/克,跌
2015-02-11,中国黄金,基础金价,249.7,元/克,跌
2015-02-10,中国黄金,基础金价,250.6,元/克,涨
2015-02-09,中国黄金,基础金价,250.3,元/克,平
2015-02-07,中国黄金,基础金价,250.3,元/克,跌
2015-02-06,中国黄金,基础金价,255.3,元/克,跌
2015-03-10,中国黄金,基础金价,237.2,元/克,跌
2015-03-09,中国黄金,基础金价,237.6,元/克,涨
2015-03-07,中国黄金,基础金价,237.5,元/克,跌
2015-03-06,中国黄金,基础金价,243.1,元/克,跌
2015-03-05,中国黄金,基础金价,244.4,元/克,跌
2015-03-04,中国黄金,基础金价,245.0,元/克,跌
2015-03-03,中国黄金,基础金价,245.9,元/克,跌
2015-03-02,中国黄金,基础金价,248.2,元/克,涨
2015-02-28,中国黄金,基础金价,246.3,元/克,涨
2015-02-27,中国黄金,基础金价,245.3,元/克,涨
2015-02-26,中国黄金,基础金价,244.6,元/克,跌
2017-03-14,中国黄金,基础金价,272.6,元/克,涨
2017-03-13,中国黄金,基础金价,272.5,元/克,涨
2017-03-10,中国黄金,基础金价,271.5,元/克,跌
2017-03-09,中国黄金,基础金价,274.0,元/克,跌
2017-03-08,中国黄金,基础金价,275.1,元/克,跌
2017-03-07,中国黄金,基础金价,276.5,元/克,跌
2017-03-06,中国黄金,基础金价,277.7,元/克,涨
2017-03-03,中国黄金,基础金价,277.0,元/克,跌
2017-03-02,中国黄金,基础金价,279.3,元/克,涨
2017-03-01,中国黄金,基础金价,279.0,元/克,跌
2017-02-28,中国黄金,基础金价,280.6,元/克,跌
2018-12-11,中国黄金,基础金价,279.1,元/克,涨
2018-12-10,中国黄金,基础金价,278.7,元/克,涨
2018-12-07,中国黄金,基础金价,276.7,元/克,涨
2018-12-06,中国黄金,基础金价,276.3,元/克,涨
2018-12-05,中国黄金,基础金价,275.1,元/克,跌
2018-12-04,中国黄金,基础金价,275.5,元/克,平
2018-12-03,中国黄金,基础金价,275.5,元/克,跌
2018-11-30,中国黄金,基础金价,275.6,元/克,涨
2018-11-29,中国黄金,基础金价,275.4,元/克,涨
2018-11-28,中国黄金,基础金价,274.2,元/克,跌
2018-11-27,中国黄金,基础金价,275.5,元/克,平
2021-08-06,中国黄金,基础金价,375.0,元/克,跌
2021-08-05,中国黄金,基础金价,377.1,元/克,跌
2021-08-04,中国黄金,基础金价,377.6,元/克,涨
2021-08-03,中国黄金,基础金价,377.0,元/克,跌
2021-08-02,中国黄金,基础金价,377.4,元/克,跌
2021-07-30,中国黄金,基础金价,380.5,元/克,涨
2021-07-29,中国黄金,基础金价,379.1,元/克,涨
2021-07-28,中国黄金,基础金价,378.4,元/克,涨
2021-07-27,中国黄金,基础金价,375.3,元/克,跌
2021-07-26,中国黄金,基础金价,377.0,元/克,涨
2021-07-23,中国黄金,基础金价,375.9,元/克,涨
2016-04-06,中国黄金,基础金价,257.4,元/克,涨
2016-04-05,中国黄金,基础金价,256.7,元/克,跌
2016-04-01,中国黄金,基础金价,257.4,元/克,涨
2016-03-31,中国黄金,基础金价,256.7,元/克,跌
2016-03-30,中国黄金,基础金价,260.1,元/克,涨
2016-03-29,中国黄金,基础金价,256.6,元/克,涨
2016-03-28,中国黄金,基础金价,255.6,元/克,跌
2016-03-25,中国黄金,基础金价,256.8,元/克,涨
2016-03-24,中国黄金,基础金价,256.0,元/克,跌
2016-03-23,中国黄金,基础金价,261.5,元/克,涨
2016-03-22,中国黄金,基础金价,261.1,元/克,跌
2016-06-08,中国黄金,基础金价,265.0,元/克,涨
2016-06-07,中国黄金,基础金价,264.4,元/克,涨
2016-06-06,中国黄金,基础金价,263.3,元/克,涨
2016-06-03,中国黄金,基础金价,258.0,元/克,跌
2016-06-02,中国黄金,基础金价,258.9,元/克,跌
2016-06-01,中国黄金,基础金价,259.3,元/克,涨
2016-05-31,中国黄金,基础金价,258.3,元/克,涨
2016-05-30,中国黄金,基础金价,255.9,元/克,跌
2016-05-27,中国黄金,基础金价,258.0,元/克,跌
2016-05-26,中国黄金,基础金价,261.0,元/克,跌
2016-05-25,中国黄金,基础金价,261.1,元/克,跌
2021-06-04,中国黄金,基础金价,377.9,元/克,跌
2021-06-03,中国黄金,基础金价,389.2,元/克,跌
2021-06-02,中国黄金,基础金价,389.3,元/克,跌
2021-06-01,中国黄金,基础金价,393.0,元/克,涨
2021-05-31,中国黄金,基础金价,391.8,元/克,涨
2021-05-28,中国黄金,基础金价,389.6,元/克,跌
2021-05-27,中国黄金,基础金价,390.8,元/克,跌
2021-05-26,中国黄金,基础金价,393.7,元/克,涨
2021-05-25,中国黄金,基础金价,388.8,元/克,跌
2021-05-24,中国黄金,基础金价,391.2,元/克,涨
2021-05-21,中国黄金,基础金价,390.0,元/克,跌
2012-07-23,中国黄金,基础金价,325.5,元/克,跌
2012-07-20,中国黄金,基础金价,326.1,元/克,涨
2012-07-19,中国黄金,基础金价,325.2,元/克,跌
2012-07-18,中国黄金,基础金价,326.5,元/克,跌
2012-07-17,中国黄金,基础金价,328.0,元/克,涨
2012-07-16,中国黄金,基础金价,326.9,元/克,涨
2012-07-13,中国黄金,基础金价,323.7,元/克,涨
2012-07-12,中国黄金,基础金价,323.5,元/克,跌
2012-07-11,中国黄金,基础金价,324.6,元/克,跌
2012-07-10,中国黄金,基础金价,326.5,元/克,涨
2012-07-09,中国黄金,基础金价,325.8,元/克,跌
2016-12-20,中国黄金,基础金价,263.7,元/克,平
2016-12-19,中国黄金,基础金价,263.7,元/克,涨
2016-12-16,中国黄金,基础金价,262.9,元/克,跌
2016-12-15,中国黄金,基础金价,264.3,元/克,跌
2016-12-14,中国黄金,基础金价,265.7,元/克,跌
2016-12-13,中国黄金,基础金价,266.1,元/克,涨
2016-12-12,中国黄金,基础金价,265.2,元/克,跌
2016-12-09,中国黄金,基础金价,266.5,元/克,跌
2016-12-08,中国黄金,基础金价,267.2,元/克,涨
2016-12-07,中国黄金,基础金价,265.5,元/克,跌
2016-12-06,中国黄金,基础金价,266.5,元/克,涨
2015-09-28,中国黄金,基础金价,236.0,元/克,跌
2015-09-25,中国黄金,基础金价,237.5,元/克,涨
2015-09-24,中国黄金,基础金价,234.7,元/克,涨
2015-09-23,中国黄金,基础金价,232.8,元/克,跌
2015-09-22,中国黄金,基础金价,234.1,元/克,跌
2015-09-21,中国黄金,基础金价,234.5,元/克,涨
2015-09-18,中国黄金,基础金价,231.1,元/克,涨
2015-09-17,中国黄金,基础金价,231.9,元/克,平
2015-09-16,中国黄金,基础金价,228.6,元/克,涨
2015-09-15,中国黄金,基础金价,228.5,元/克,跌
2015-09-14,中国黄金,基础金价,229.0,元/克,跌
2012-05-21,中国黄金,基础金价,326.5,元/克,涨
2012-05-18,中国黄金,基础金价,322.6,元/克,涨
2012-05-17,中国黄金,基础金价,316.8,元/克,涨
2012-05-16,中国黄金,基础金价,316.5,元/克,跌
2012-05-15,中国黄金,基础金价,318.5,元/克,跌
2012-05-14,中国黄金,基础金价,323.6,元/克,跌
2012-05-11,中国黄金,基础金价,324.3,元/克,跌
2012-05-10,中国黄金,基础金价,325.6,元/克,跌
2012-05-09,中国黄金,基础金价,326.2,元/克,跌
2012-05-08,中国黄金,基础金价,333.9,元/克,跌
2012-05-07,中国黄金,基础金价,334.1,元/克,涨
2017-03-28,中国黄金,基础金价,281.3,元/克,涨
2017-03-27,中国黄金,基础金价,280.9,元/克,涨
2017-03-25,中国黄金,基础金价,279.5,元/克,涨
2017-03-24,中国黄金,基础金价,278.4,元/克,跌
2017-03-23,中国黄金,基础金价,278.8,元/克,跌
2017-03-22,中国黄金,基础金价,279.3,元/克,涨
2017-03-21,中国黄金,基础金价,277.3,元/克,跌
2017-03-20,中国黄金,基础金价,277.8,元/克,涨
2017-03-17,中国黄金,基础金价,276.5,元/克,跌
2017-03-16,中国黄金,基础金价,276.9,元/克,涨
2017-03-15,中国黄金,基础金价,272.3,元/克,跌
2018-12-26,中国黄金,基础金价,284.6,元/克,跌
2018-12-25,中国黄金,基础金价,284.7,元/克,涨
2018-12-24,中国黄金,基础金价,282.9,元/克,涨
2018-12-21,中国黄金,基础金价,281.5,元/克,涨
2018-12-20,中国黄金,基础金价,278.0,元/克,平
2018-12-19,中国黄金,基础金价,278.0,元/克,平
2018-12-18,中国黄金,基础金价,278.0,元/克,平
2018-12-17,中国黄金,基础金价,278.0,元/克,平
2018-12-14,中国黄金,基础金价,278.0,元/克,平
2018-12-13,中国黄金,基础金价,278.0,元/克,跌
2018-12-12,中国黄金,基础金价,278.5,元/克,跌
2013-09-12,中国黄金,基础金价,272.2,元/克,平
2013-09-11,中国黄金,基础金价,272.2,元/克,跌
2013-09-10,中国黄金,基础金价,276.4,元/克,跌
2013-09-09,中国黄金,基础金价,276.5,元/克,涨
2013-09-06,中国黄金,基础金价,273.3,元/克,跌
2013-09-05,中国黄金,基础金价,277.1,元/克,跌
2013-09-04,中国黄金,基础金价,280.5,元/克,涨
2013-09-03,中国黄金,基础金价,277.4,元/克,涨
2013-09-02,中国黄金,基础金价,277.0,元/克,跌
2013-08-30,中国黄金,基础金价,279.9,元/克,跌
2013-08-29,中国黄金,基础金价,280.1,元/克,跌
2015-08-26,中国黄金,基础金价,236.5,元/克,跌
2015-08-25,中国黄金,基础金价,240.5,元/克,跌
2015-08-24,中国黄金,基础金价,241.0,元/克,跌
2015-08-21,中国黄金,基础金价,241.6,元/克,涨
2015-08-20,中国黄金,基础金价,235.5,元/克,涨
2015-08-19,中国黄金,基础金价,231.6,元/克,跌
2015-08-18,中国黄金,基础金价,232.0,元/克,平
2015-08-17,中国黄金,基础金价,230.9,元/克,跌
2015-08-14,中国黄金,基础金价,231.5,元/克,跌
2015-08-13,中国黄金,基础金价,232.7,元/克,涨
2015-08-12,中国黄金,基础金价,231.5,元/克,涨
2018-08-16,中国黄金,基础金价,262.0,元/克,跌
2018-08-15,中国黄金,基础金价,266.6,元/克,涨
2018-08-14,中国黄金,基础金价,266.5,元/克,跌
2018-08-13,中国黄金,基础金价,268.9,元/克,涨
2018-08-10,中国黄金,基础金价,268.3,元/克,涨
2018-08-09,中国黄金,基础金价,268.0,元/克,涨
2018-08-08,中国黄金,基础金价,267.5,元/克,跌
2018-08-07,中国黄金,基础金价,268.5,元/克,跌
2018-08-06,中国黄金,基础金价,269.0,元/克,涨
2018-08-03,中国黄金,基础金价,268.8,元/克,跌
2018-08-02,中国黄金,基础金价,269.1,元/克,跌
2012-10-12,中国黄金,基础金价,358.4,元/克,涨
2012-10-11,中国黄金,基础金价,357.0,元/克,跌
2012-10-10,中国黄金,基础金价,358.0,元/克,跌
2012-10-09,中国黄金,基础金价,360.5,元/克,涨
2012-10-08,中国黄金,基础金价,359.1,元/克,跌
2012-09-29,中国黄金,基础金价,360.5,元/克,涨
2012-09-28,中国黄金,基础金价,360.4,元/克,涨
2012-09-27,中国黄金,基础金价,356.9,元/克,跌
2012-09-26,中国黄金,基础金价,358.9,元/克,涨
2012-09-25,中国黄金,基础金价,358.8,元/克,涨
2012-09-24,中国黄金,基础金价,357.4,元/克,跌
2013-04-09,中国黄金,基础金价,315.5,元/克,跌
2013-04-08,中国黄金,基础金价,316.5,元/克,跌
2013-04-07,中国黄金,基础金价,317.0,元/克,涨
2013-04-03,中国黄金,基础金价,314.1,元/克,跌
2013-04-02,中国黄金,基础金价,321.3,元/克,涨
2013-04-01,中国黄金,基础金价,320.5,元/克,涨
2013-03-29,中国黄金,基础金价,319.9,元/克,跌
2013-03-28,中国黄金,基础金价,321.8,元/克,涨
2013-03-27,中国黄金,基础金价,321.1,元/克,跌
2013-03-26,中国黄金,基础金价,321.5,元/克,跌
2013-03-25,中国黄金,基础金价,322.7,元/克,跌
2017-04-12,中国黄金,基础金价,286.5,元/克,涨
2017-04-11,中国黄金,基础金价,281.8,元/克,涨
2017-04-10,中国黄金,基础金价,281.6,元/克,跌
2017-04-08,中国黄金,基础金价,282.2,元/克,跌
2017-04-07,中国黄金,基础金价,284.6,元/克,涨
2017-04-06,中国黄金,基础金价,281.1,元/克,涨
2017-04-05,中国黄金,基础金价,280.8,元/克,跌
2017-04-01,中国黄金,基础金价,281.0,元/克,涨
2017-03-31,中国黄金,基础金价,279.1,元/克,跌
2017-03-30,中国黄金,基础金价,280.5,元/克,跌
2017-03-29,中国黄金,基础金价,280.7,元/克,跌
2019-01-11,中国黄金,基础金价,284.6,元/克,跌
2019-01-10,中国黄金,基础金价,286.0,元/克,跌
2019-01-09,中国黄金,基础金价,286.2,元/克,涨
2019-01-08,中国黄金,基础金价,278.1,元/克,涨
2019-01-07,中国黄金,基础金价,278.0,元/克,跌
2019-01-04,中国黄金,基础金价,289.6,元/克,涨
2019-01-03,中国黄金,基础金价,287.9,元/克,涨
2019-01-02,中国黄金,基础金价,285.9,元/克,涨
2018-12-29,中国黄金,基础金价,285.5,元/克,涨
2018-12-28,中国黄金,基础金价,285.2,元/克,涨
2018-12-27,中国黄金,基础金价,284.6,元/克,平
2013-09-29,中国黄金,基础金价,265.8,元/克,涨
2013-09-27,中国黄金,基础金价,262.8,元/克,跌
2013-09-26,中国黄金,基础金价,264.8,元/克,涨
2013-09-25,中国黄金,基础金价,263.3,元/克,跌
2013-09-24,中国黄金,基础金价,263.4,元/克,涨
2013-09-23,中国黄金,基础金价,261.9,元/克,跌
2013-09-22,中国黄金,基础金价,264.4,元/克,涨
2013-09-18,中国黄金,基础金价,258.4,元/克,跌
2013-09-17,中国黄金,基础金价,262.0,元/克,跌
2013-09-16,中国黄金,基础金价,265.4,元/克,跌
2013-09-13,中国黄金,基础金价,265.7,元/克,跌
2018-01-30,中国黄金,基础金价,276.0,元/克,跌
2018-01-29,中国黄金,基础金价,277.9,元/克,跌
2018-01-26,中国黄金,基础金价,278.4,元/克,跌
2018-01-25,中国黄金,基础金价,279.7,元/克,涨
2018-01-24,中国黄金,基础金价,278.2,元/克,涨
2018-01-23,中国黄金,基础金价,277.4,元/克,涨
2018-01-22,中国黄金,基础金价,277.5,元/克,涨
2018-01-19,中国黄金,基础金价,276.9,元/克,跌
2018-01-18,中国黄金,基础金价,277.7,元/克,跌
2018-01-17,中国黄金,基础金价,279.8,元/克,跌
2018-01-16,中国黄金,基础金价,280.0,元/克,跌
2012-05-04,中国黄金,基础金价,334.0,元/克,跌
2012-05-03,中国黄金,基础金价,335.8,元/克,跌
2012-05-02,中国黄金,基础金价,337.5,元/克,跌
2012-04-28,中国黄金,基础金价,338.5,元/克,涨
2012-04-27,中国黄金,基础金价,337.3,元/克,涨
2012-04-26,中国黄金,基础金价,335.4,元/克,涨
2012-04-25,中国黄金,基础金价,335.0,元/克,涨
2012-04-24,中国黄金,基础金价,334.5,元/克,跌
2012-04-23,中国黄金,基础金价,335.3,元/克,平
2012-04-20,中国黄金,基础金价,335.3,元/克,涨
2012-04-19,中国黄金,基础金价,335.1,元/克,跌
2016-12-05,中国黄金,基础金价,265.7,元/克,跌
2016-12-02,中国黄金,基础金价,266.2,元/克,涨
2016-12-01,中国黄金,基础金价,264.7,元/克,跌
2016-11-30,中国黄金,基础金价,269.6,元/克,跌
2016-11-29,中国黄金,基础金价,271.2,元/克,跌
2016-11-28,中国黄金,基础金价,272.0,元/克,涨
2016-11-25,中国黄金,基础金价,270.0,元/克,跌
2016-11-24,中国黄金,基础金价,271.0,元/克,跌
2016-11-23,中国黄金,基础金价,273.7,元/克,跌
2016-11-22,中国黄金,基础金价,274.3,元/克,涨
2016-11-21,中国黄金,基础金价,273.2,元/克,涨
2012-10-29,中国黄金,基础金价,345.1,元/克,平
2012-10-26,中国黄金,基础金价,345.1,元/克,涨
2012-10-25,中国黄金,基础金价,344.3,元/克,跌
2012-10-24,中国黄金,基础金价,346.0,元/克,跌
2012-10-23,中国黄金,基础金价,348.2,元/克,涨
2012-10-22,中国黄金,基础金价,348.0,元/克,跌
2012-10-19,中国黄金,基础金价,350.5,元/克,跌
2012-10-18,中国黄金,基础金价,353.0,元/克,跌
2012-10-17,中国黄金,基础金价,353.9,元/克,涨
2012-10-16,中国黄金,基础金价,351.4,元/克,跌
2012-10-15,中国黄金,基础金价,353.1,元/克,跌
2017-01-05,中国黄金,基础金价,265.7,元/克,涨
2017-01-04,中国黄金,基础金价,265.6,元/克,涨
2017-01-03,中国黄金,基础金价,265.5,元/克,跌
2016-12-30,中国黄金,基础金价,266.3,元/克,涨
2016-12-29,中国黄金,基础金价,263.4,元/克,涨
2016-12-28,中国黄金,基础金价,262.6,元/克,涨
2016-12-27,中国黄金,基础金价,262.0,元/克,涨
2016-12-26,中国黄金,基础金价,260.7,元/克,涨
2016-12-23,中国黄金,基础金价,260.6,元/克,跌
2016-12-22,中国黄金,基础金价,261.1,元/克,跌
2016-12-21,中国黄金,基础金价,262.5,元/克,跌
2017-04-26,中国黄金,基础金价,283.2,元/克,跌
2017-04-25,中国黄金,基础金价,284.6,元/克,跌
2017-04-24,中国黄金,基础金价,285.9,元/克,跌
2017-04-21,中国黄金,基础金价,286.4,元/克,涨
2017-04-20,中国黄金,基础金价,286.3,元/克,跌
2017-04-19,中国黄金,基础金价,286.8,元/克,跌
2017-04-18,中国黄金,基础金价,286.9,元/克,跌
2017-04-17,中国黄金,基础金价,288.4,元/克,跌
2017-04-15,中国黄金,基础金价,289.4,元/克,涨
2017-04-14,中国黄金,基础金价,287.5,元/克,涨
2017-04-13,中国黄金,基础金价,287.0,元/克,涨
2019-01-28,中国黄金,基础金价,285.5,元/克,涨
2019-01-25,中国黄金,基础金价,283.2,元/克,跌
2019-01-24,中国黄金,基础金价,283.5,元/克,跌
2019-01-23,中国黄金,基础金价,284.1,元/克,涨
2019-01-22,中国黄金,基础金价,282.7,元/克,跌
2019-01-21,中国黄金,基础金价,283.4,元/克,跌
2019-01-18,中国黄金,基础金价,284.4,元/克,平
2019-01-17,中国黄金,基础金价,284.0,元/克,平
2019-01-16,中国黄金,基础金价,284.0,元/克,涨
2019-01-15,中国黄金,基础金价,283.6,元/克,涨
2019-01-13,中国黄金,基础金价,283.5,元/克,跌
2013-10-18,中国黄金,基础金价,261.0,元/克,涨
2013-10-17,中国黄金,基础金价,254.9,元/克,跌
2013-10-16,中国黄金,基础金价,255.5,元/克,涨
2013-10-15,中国黄金,基础金价,254.5,元/克,涨
2013-10-14,中国黄金,基础金价,253.9,元/克,跌
2013-10-12,中国黄金,基础金价,254.5,元/克,跌
2013-10-11,中国黄金,基础金价,258.0,元/克,跌
2013-10-10,中国黄金,基础金价,260.1,元/克,跌
2013-10-09,中国黄金,基础金价,263.0,元/克,跌
2013-10-08,中国黄金,基础金价,263.4,元/克,跌
2013-09-30,中国黄金,基础金价,265.5,元/克,跌
2018-08-01,中国黄金,基础金价,269.7,元/克,涨
2018-07-31,中国黄金,基础金价,269.6,元/克,涨
2018-07-30,中国黄金,基础金价,269.5,元/克,涨
2018-07-27,中国黄金,基础金价,269.4,元/克,涨
2018-07-26,中国黄金,基础金价,269.2,元/克,跌
2018-07-25,中国黄金,基础金价,269.4,元/克,涨
2018-07-24,中国黄金,基础金价,269.3,元/克,涨
2018-07-23,中国黄金,基础金价,269.0,元/克,涨
2018-07-20,中国黄金,基础金价,267.5,元/克,涨
2018-07-19,中国黄金,基础金价,266.9,元/克,跌
2018-07-18,中国黄金,基础金价,267.0,元/克,跌
2012-11-13,中国黄金,基础金价,346.4,元/克,跌
2012-11-12,中国黄金,基础金价,349.0,元/克,涨
2012-11-09,中国黄金,基础金价,348.9,元/克,涨
2012-11-08,中国黄金,基础金价,346.2,元/克,平
2012-11-07,中国黄金,基础金价,346.2,元/克,涨
2012-11-06,中国黄金,基础金价,339.5,元/克,涨
2012-11-05,中国黄金,基础金价,338.4,元/克,跌
2012-11-02,中国黄金,基础金价,344.8,元/克,跌
2012-11-01,中国黄金,基础金价,346.1,元/克,涨
2012-10-31,中国黄金,基础金价,344.9,元/克,涨
2012-10-30,中国黄金,基础金价,344.8,元/克,跌
2013-03-22,中国黄金,基础金价,323.5,元/克,涨
2013-03-21,中国黄金,基础金价,322.3,元/克,跌
2013-03-20,中国黄金,基础金价,323.1,元/克,涨
2013-03-19,中国黄金,基础金价,322.2,元/克,涨
2013-03-18,中国黄金,基础金价,321.4,元/克,涨
2013-03-15,中国黄金,基础金价,321.0,元/克,涨
2013-03-14,中国黄金,基础金价,320.0,元/克,跌
2013-03-13,中国黄金,基础金价,321.5,元/克,涨
2013-03-12,中国黄金,基础金价,319.5,元/克,平
2013-03-11,中国黄金,基础金价,319.5,元/克,涨
2013-03-08,中国黄金,基础金价,317.9,元/克,跌
2016-04-21,中国黄金,基础金价,261.6,元/克,跌
2016-04-20,中国黄金,基础金价,262.7,元/克,涨
2016-04-19,中国黄金,基础金价,258.2,元/克,跌
2016-04-18,中国黄金,基础金价,259.1,元/克,涨
2016-04-15,中国黄金,基础金价,258.1,元/克,跌
2016-04-14,中国黄金,基础金价,258.7,元/克,跌
2016-04-13,中国黄金,基础金价,262.3,元/克,涨
2016-04-12,中国黄金,基础金价,261.9,元/克,涨
2016-04-11,中国黄金,基础金价,261.0,元/克,涨
2016-04-08,中国黄金,基础金价,259.0,元/克,涨
2016-04-07,中国黄金,基础金价,256.8,元/克,跌
2016-08-12,中国黄金,基础金价,287.9,元/克,跌
2016-08-11,中国黄金,基础金价,288.9,元/克,跌
2016-08-10,中国黄金,基础金价,289.4,元/克,涨
2016-08-09,中国黄金,基础金价,287.4,元/克,跌
2016-08-08,中国黄金,基础金价,287.9,元/克,跌
2016-08-05,中国黄金,基础金价,291.7,元/克,涨
2016-08-04,中国黄金,基础金价,291.0,元/克,跌
2016-08-03,中国黄金,基础金价,291.9,元/克,涨
2016-08-02,中国黄金,基础金价,290.0,元/克,涨
2016-08-01,中国黄金,基础金价,289.0,元/克,跌
2016-07-30,中国黄金,基础金价,289.8,元/克,涨
2017-05-11,中国黄金,基础金价,274.9,元/克,平
2017-05-10,中国黄金,基础金价,274.9,元/克,跌
2017-05-09,中国黄金,基础金价,276.6,元/克,跌
2017-05-08,中国黄金,基础金价,276.8,元/克,跌
2017-05-06,中国黄金,基础金价,277.0,元/克,涨
2017-05-05,中国黄金,基础金价,275.9,元/克,跌
2017-05-04,中国黄金,基础金价,279.0,元/克,跌
2017-05-03,中国黄金,基础金价,281.6,元/克,跌
2017-05-02,中国黄金,基础金价,282.6,元/克,跌
2017-04-28,中国黄金,基础金价,282.8,元/克,跌
2017-04-27,中国黄金,基础金价,283.5,元/克,涨
2019-02-13,中国黄金,基础金价,288.3,元/克,跌
2019-02-12,中国黄金,基础金价,288.5,元/克,涨
2019-02-11,中国黄金,基础金价,288.2,元/克,平
2019-02-09,中国黄金,基础金价,288.2,元/克,平
2019-02-08,中国黄金,基础金价,288.2,元/克,平
2019-02-07,中国黄金,基础金价,288.2,元/克,平
2019-02-05,中国黄金,基础金价,288.2,元/克,平
2019-02-03,中国黄金,基础金价,288.2,元/克,涨
2019-01-31,中国黄金,基础金价,287.4,元/克,跌
2019-01-30,中国黄金,基础金价,287.5,元/克,涨
2019-01-29,中国黄金,基础金价,286.4,元/克,涨
2013-11-04,中国黄金,基础金价,259.7,元/克,跌
2013-11-01,中国黄金,基础金价,261.0,元/克,跌
2013-10-31,中国黄金,基础金价,263.0,元/克,跌
2013-10-30,中国黄金,基础金价,263.8,元/克,跌
2013-10-29,中国黄金,基础金价,266.0,元/克,涨
2013-10-28,中国黄金,基础金价,265.2,元/克,涨
2013-10-25,中国黄金,基础金价,263.7,元/克,涨
2013-10-24,中国黄金,基础金价,263.0,元/克,跌
2013-10-23,中国黄金,基础金价,264.5,元/克,涨
2013-10-22,中国黄金,基础金价,260.3,元/克,涨
2013-10-21,中国黄金,基础金价,260.1,元/克,跌
2017-02-27,中国黄金,基础金价,281.3,元/克,涨
2017-02-24,中国黄金,基础金价,279.2,元/克,涨
2017-02-23,中国黄金,基础金价,276.8,元/克,平
2017-02-22,中国黄金,基础金价,276.8,元/克,涨
2017-02-21,中国黄金,基础金价,276.1,元/克,跌
2017-02-20,中国黄金,基础金价,276.4,元/克,跌
2017-02-17,中国黄金,基础金价,276.6,元/克,涨
2017-02-16,中国黄金,基础金价,276.2,元/克,涨
2017-02-15,中国黄金,基础金价,274.2,元/克,跌
2017-02-14,中国黄金,基础金价,274.7,元/克,跌
2017-02-13,中国黄金,基础金价,275.7,元/克,跌
2013-08-13,中国黄金,基础金价,267.5,元/克,涨
2013-08-12,中国黄金,基础金价,266.5,元/克,涨
2013-08-09,中国黄金,基础金价,263.1,元/克,涨
2013-08-08,中国黄金,基础金价,259.5,元/克,涨
2013-08-07,中国黄金,基础金价,256.7,元/克,跌
2013-08-06,中国黄金,基础金价,261.5,元/克,跌
2013-08-05,中国黄金,基础金价,264.0,元/克,涨
2013-08-02,中国黄金,基础金价,262.3,元/克,跌
2013-08-01,中国黄金,基础金价,265.8,元/克,跌
2013-07-31,中国黄金,基础金价,266.5,元/克,涨
2013-07-30,中国黄金,基础金价,266.2,元/克,涨
2014-10-14,中国黄金,基础金价,244.6,元/克,涨
2014-10-13,中国黄金,基础金价,244.4,元/克,涨
2014-10-11,中国黄金,基础金价,243.2,元/克,涨
2014-10-10,中国黄金,基础金价,242.4,元/克,跌
2014-10-09,中国黄金,基础金价,242.7,元/克,涨
2014-10-08,中国黄金,基础金价,241.4,元/克,跌
2014-09-30,中国黄金,基础金价,241.9,元/克,涨
2014-09-29,中国黄金,基础金价,241.8,元/克,跌
2014-09-28,中国黄金,基础金价,242.2,元/克,跌
2014-09-26,中国黄金,基础金价,243.4,元/克,涨
2014-09-25,中国黄金,基础金价,240.9,元/克,跌
2019-12-24,中国黄金,基础金价,337.1,元/克,涨
2019-12-23,中国黄金,基础金价,335.7,元/克,涨
2019-12-20,中国黄金,基础金价,335.1,元/克,涨
2019-12-19,中国黄金,基础金价,334.5,元/克,跌
2019-12-18,中国黄金,基础金价,334.7,元/克,涨
2019-12-17,中国黄金,基础金价,334.2,元/克,涨
2019-12-16,中国黄金,基础金价,334.0,元/克,涨
2019-12-13,中国黄金,基础金价,331.2,元/克,跌
2019-12-12,中国黄金,基础金价,335.5,元/克,涨
2019-12-11,中国黄金,基础金价,333.7,元/克,涨
2019-12-10,中国黄金,基础金价,333.2,元/克,涨
2014-06-23,中国黄金,基础金价,263.6,元/克,跌
2014-06-20,中国黄金,基础金价,263.7,元/克,涨
2014-06-19,中国黄金,基础金价,256.5,元/克,涨
2014-06-18,中国黄金,基础金价,254.9,元/克,跌
2014-06-17,中国黄金,基础金价,255.6,元/克,跌
2014-06-16,中国黄金,基础金价,256.3,元/克,涨
2014-06-13,中国黄金,基础金价,255.0,元/克,涨
2014-06-12,中国黄金,基础金价,253.4,元/克,平
2014-06-11,中国黄金,基础金价,253.4,元/克,涨
2014-06-10,中国黄金,基础金价,252.2,元/克,跌
2014-06-09,中国黄金,基础金价,252.6,元/克,跌
2017-05-24,中国黄金,基础金价,280.6,元/克,跌
2017-05-23,中国黄金,基础金价,282.2,元/克,涨
2017-05-22,中国黄金,基础金价,277.0,元/克,跌
2017-05-20,中国黄金,基础金价,281.5,元/克,涨
2017-05-19,中国黄金,基础金价,280.5,元/克,跌
2017-05-18,中国黄金,基础金价,281.6,元/克,涨
2017-05-17,中国黄金,基础金价,278.5,元/克,涨
2017-05-16,中国黄金,基础金价,277.1,元/克,涨
2017-05-15,中国黄金,基础金价,276.0,元/克,跌
2017-05-13,中国黄金,基础金价,277.0,元/克,涨
2017-05-12,中国黄金,基础金价,275.6,元/克,涨
2013-11-19,中国黄金,基础金价,251.0,元/克,跌
2013-11-18,中国黄金,基础金价,254.1,元/克,平
2013-11-15,中国黄金,基础金价,254.1,元/克,涨
2013-11-14,中国黄金,基础金价,253.0,元/克,涨
2013-11-13,中国黄金,基础金价,250.8,元/克,跌
2013-11-12,中国黄金,基础金价,252.1,元/克,跌
2013-11-11,中国黄金,基础金价,253.8,元/克,跌
2013-11-08,中国黄金,基础金价,257.9,元/克,跌
2013-11-07,中国黄金,基础金价,259.4,元/克,涨
2013-11-06,中国黄金,基础金价,259.0,元/克,跌
2013-11-05,中国黄金,基础金价,259.8,元/克,涨
2020-06-16,中国黄金,基础金价,390.5,元/克,跌
2020-06-15,中国黄金,基础金价,392.5,元/克,涨
2020-06-12,中国黄金,基础金价,391.5,元/克,涨
2020-06-11,中国黄金,基础金价,391.0,元/克,涨
2020-06-10,中国黄金,基础金价,388.7,元/克,涨
2020-06-09,中国黄金,基础金价,385.5,元/克,涨
2020-06-08,中国黄金,基础金价,383.3,元/克,跌
2020-06-05,中国黄金,基础金价,390.2,元/克,涨
2020-06-04,中国黄金,基础金价,388.5,元/克,跌
2020-06-03,中国黄金,基础金价,391.7,元/克,跌
2020-06-02,中国黄金,基础金价,395.3,元/克,涨
2014-10-29,中国黄金,基础金价,242.5,元/克,平
2014-10-28,中国黄金,基础金价,242.5,元/克,跌
2014-10-27,中国黄金,基础金价,243.1,元/克,涨
2014-10-24,中国黄金,基础金价,243.0,元/克,跌
2014-10-23,中国黄金,基础金价,245.5,元/克,跌
2014-10-22,中国黄金,基础金价,246.6,元/克,涨
2014-10-21,中国黄金,基础金价,246.1,元/克,涨
2014-10-20,中国黄金,基础金价,244.8,元/克,跌
2014-10-17,中国黄金,基础金价,245.1,元/克,跌
2014-10-16,中国黄金,基础金价,245.6,元/克,涨
2014-10-15,中国黄金,基础金价,243.3,元/克,跌
2020-10-16,中国黄金,基础金价,404.4,元/克,涨
2020-10-15,中国黄金,基础金价,402.0,元/克,涨
2020-10-14,中国黄金,基础金价,401.4,元/克,跌
2020-10-13,中国黄金,基础金价,407.5,元/克,跌
2020-10-12,中国黄金,基础金价,409.5,元/克,涨
2020-10-09,中国黄金,基础金价,405.5,元/克,跌
2020-10-08,中国黄金,基础金价,407.5,元/克,平
2020-10-07,中国黄金,基础金价,407.5,元/克,平
2020-10-06,中国黄金,基础金价,407.5,元/克,涨
2020-10-05,中国黄金,基础金价,406.0,元/克,平
2020-10-02,中国黄金,基础金价,406.0,元/克,涨
2017-06-08,中国黄金,基础金价,284.0,元/克,跌
2017-06-07,中国黄金,基础金价,284.7,元/克,涨
2017-06-06,中国黄金,基础金价,283.2,元/克,涨
2017-06-05,中国黄金,基础金价,282.7,元/克,跌
2017-06-03,中国黄金,基础金价,282.8,元/克,涨
2017-06-02,中国黄金,基础金价,279.3,元/克,跌
2017-06-01,中国黄金,基础金价,280.3,元/克,跌
2017-05-31,中国黄金,基础金价,281.0,元/克,跌
2017-05-27,中国黄金,基础金价,283.5,元/克,涨
2017-05-26,中国黄金,基础金价,280.3,元/克,跌
2017-05-25,中国黄金,基础金价,281.2,元/克,涨
2020-11-02,中国黄金,基础金价,399.5,元/克,涨
2020-10-30,中国黄金,基础金价,397.3,元/克,跌
2020-10-29,中国黄金,基础金价,399.3,元/克,跌
2020-10-28,中国黄金,基础金价,404.6,元/克,涨
2020-10-27,中国黄金,基础金价,404.3,元/克,涨
2020-10-26,中国黄金,基础金价,401.4,元/克,跌
2020-10-23,中国黄金,基础金价,402.5,元/克,跌
2020-10-22,中国黄金,基础金价,403.4,元/克,跌
2020-10-21,中国黄金,基础金价,404.6,元/克,涨
2020-10-20,中国黄金,基础金价,401.8,元/克,跌
2020-10-19,中国黄金,基础金价,402.0,元/克,跌
2013-12-04,中国黄金,基础金价,242.1,元/克,跌
2013-12-03,中国黄金,基础金价,242.3,元/克,跌
2013-12-02,中国黄金,基础金价,246.0,元/克,涨
2013-11-29,中国黄金,基础金价,245.6,元/克,涨
2013-11-28,中国黄金,基础金价,244.5,元/克,跌
2013-11-27,中国黄金,基础金价,246.3,元/克,跌
2013-11-26,中国黄金,基础金价,247.1,元/克,涨
2013-11-25,中国黄金,基础金价,246.1,元/克,涨
2013-11-22,中国黄金,基础金价,246.0,元/克,跌
2013-11-21,中国黄金,基础金价,247.4,元/克,跌
2013-11-20,中国黄金,基础金价,251.7,元/克,涨
2017-02-11,中国黄金,基础金价,276.5,元/克,涨
2017-02-10,中国黄金,基础金价,274.2,元/克,跌
2017-02-09,中国黄金,基础金价,277.2,元/克,涨
2017-02-08,中国黄金,基础金价,276.1,元/克,涨
2017-02-07,中国黄金,基础金价,274.1,元/克,涨
2017-02-06,中国黄金,基础金价,272.9,元/克,涨
2017-02-05,中国黄金,基础金价,271.7,元/克,平
2017-02-04,中国黄金,基础金价,271.7,元/克,涨
2017-02-03,中国黄金,基础金价,270.7,元/克,跌
2017-02-02,中国黄金,基础金价,274.9,元/克,涨
2017-02-01,中国黄金,基础金价,272.8,元/克,涨
2013-07-29,中国黄金,基础金价,266.0,元/克,跌
2013-07-26,中国黄金,基础金价,268.1,元/克,涨
2013-07-25,中国黄金,基础金价,265.5,元/克,跌
2013-07-24,中国黄金,基础金价,269.1,元/克,涨
2013-07-23,中国黄金,基础金价,268.3,元/克,涨
2013-07-22,中国黄金,基础金价,264.0,元/克,涨
2013-07-19,中国黄金,基础金价,258.5,元/克,涨
2013-07-18,中国黄金,基础金价,256.9,元/克,跌
2013-07-17,中国黄金,基础金价,260.2,元/克,涨
2013-07-16,中国黄金,基础金价,259.4,元/克,跌
2013-07-15,中国黄金,基础金价,260.8,元/克,涨
2014-11-13,中国黄金,基础金价,229.5,元/克,跌
2014-11-12,中国黄金,基础金价,230.6,元/克,涨
2014-11-11,中国黄金,基础金价,228.7,元/克,跌
2014-11-10,中国黄金,基础金价,232.1,元/克,涨
2014-11-07,中国黄金,基础金价,224.8,元/克,平
2014-11-06,中国黄金,基础金价,224.8,元/克,跌
2014-11-05,中国黄金,基础金价,229.7,元/克,跌
2014-11-04,中国黄金,基础金价,230.7,元/克,涨
2014-11-03,中国黄金,基础金价,230.6,元/克,跌
2014-10-31,中国黄金,基础金价,236.3,元/克,跌
2014-10-30,中国黄金,基础金价,240.0,元/克,跌
2019-05-05,中国黄金,基础金价,282.7,元/克,涨
2019-04-30,中国黄金,基础金价,281.5,元/克,跌
2019-04-29,中国黄金,基础金价,282.3,元/克,跌
2019-04-28,中国黄金,基础金价,282.7,元/克,涨
2019-04-26,中国黄金,基础金价,281.0,元/克,涨
2019-04-26,中国黄金,基础金价,281.5,元/克,涨
2019-04-24,中国黄金,基础金价,279.7,元/克,跌
2019-04-23,中国黄金,基础金价,280.9,元/克,平
2019-04-22,中国黄金,基础金价,280.9,元/克,涨
2019-04-19,中国黄金,基础金价,280.3,元/克,涨
2019-04-18,中国黄金,基础金价,279.7,元/克,跌
2014-06-06,中国黄金,基础金价,253.2,元/克,涨
2014-06-05,中国黄金,基础金价,251.1,元/克,跌
2014-06-04,中国黄金,基础金价,251.4,元/克,涨
2014-06-03,中国黄金,基础金价,251.1,元/克,跌
2014-05-30,中国黄金,基础金价,253.9,元/克,跌
2014-05-29,中国黄金,基础金价,254.6,元/克,跌
2014-05-28,中国黄金,基础金价,255.6,元/克,跌
2014-05-27,中国黄金,基础金价,260.1,元/克,跌
2014-05-26,中国黄金,基础金价,260.6,元/克,平
2014-05-23,中国黄金,基础金价,260.6,元/克,涨
2014-05-22,中国黄金,基础金价,260.1,元/克,跌
2017-08-01,中国黄金,基础金价,276.3,元/克,跌
2017-07-31,中国黄金,基础金价,276.7,元/克,跌
2017-07-29,中国黄金,基础金价,277.2,元/克,涨
2017-07-28,中国黄金,基础金价,275.5,元/克,跌
2017-07-27,中国黄金,基础金价,276.0,元/克,涨
2017-07-26,中国黄金,基础金价,273.7,元/克,跌
2017-07-25,中国黄金,基础金价,274.7,元/克,跌
2017-07-24,中国黄金,基础金价,275.1,元/克,涨
2017-07-21,中国黄金,基础金价,272.4,元/克,平
2017-07-20,中国黄金,基础金价,272.4,元/克,平
2017-07-19,中国黄金,基础金价,272.4,元/克,涨
2020-03-02,中国黄金,基础金价,360.0,元/克,跌
2020-02-28,中国黄金,基础金价,370.5,元/克,跌
2020-02-27,中国黄金,基础金价,372.8,元/克,涨
2020-02-26,中国黄金,基础金价,371.3,元/克,跌
2020-02-25,中国黄金,基础金价,374.5,元/克,跌
2020-02-24,中国黄金,基础金价,376.8,元/克,涨
2020-02-21,中国黄金,基础金价,369.8,元/克,涨
2020-02-20,中国黄金,基础金价,364.0,元/克,涨
2020-02-19,中国黄金,基础金价,362.1,元/克,涨
2020-02-18,中国黄金,基础金价,357.6,元/克,涨
2020-02-17,中国黄金,基础金价,355.9,元/克,涨
2019-05-20,中国黄金,基础金价,287.6,元/克,跌
2019-05-17,中国黄金,基础金价,288.0,元/克,跌
2019-05-16,中国黄金,基础金价,289.4,元/克,跌
2019-05-15,中国黄金,基础金价,289.7,元/克,跌
2019-05-14,中国黄金,基础金价,290.2,元/克,涨
2019-05-13,中国黄金,基础金价,286.0,元/克,涨
2019-05-10,中国黄金,基础金价,284.5,元/克,涨
2019-05-09,中国黄金,基础金价,283.7,元/克,涨
2019-05-08,中国黄金,基础金价,283.6,元/克,涨
2019-05-07,中国黄金,基础金价,283.1,元/克,跌
2019-05-06,中国黄金,基础金价,283.3,元/克,涨
2020-11-17,中国黄金,基础金价,396.0,元/克,跌
2020-11-16,中国黄金,基础金价,398.0,元/克,涨
2020-11-13,中国黄金,基础金价,396.5,元/克,涨
2020-11-12,中国黄金,基础金价,394.5,元/克,跌
2020-11-11,中国黄金,基础金价,395.0,元/克,平
2020-11-10,中国黄金,基础金价,395.0,元/克,跌
2020-11-09,中国黄金,基础金价,409.0,元/克,涨
2020-11-06,中国黄金,基础金价,408.0,元/克,涨
2020-11-05,中国黄金,基础金价,403.5,元/克,跌
2020-11-04,中国黄金,基础金价,404.3,元/克,涨
2020-11-03,中国黄金,基础金价,401.9,元/克,涨
2013-12-19,中国黄金,基础金价,241.3,元/克,跌
2013-12-18,中国黄金,基础金价,243.5,元/克,跌
2013-12-17,中国黄金,基础金价,244.5,元/克,涨
2013-12-16,中国黄金,基础金价,242.9,元/克,涨
2013-12-13,中国黄金,基础金价,242.0,元/克,跌
2013-12-12,中国黄金,基础金价,246.8,元/克,跌
2013-12-11,中国黄金,基础金价,247.1,元/克,涨
2013-12-10,中国黄金,基础金价,244.7,元/克,涨
2013-12-09,中国黄金,基础金价,243.3,元/克,涨
2013-12-06,中国黄金,基础金价,243.1,元/克,跌
2013-12-05,中国黄金,基础金价,244.6,元/克,涨
2017-09-11,中国黄金,基础金价,282.2,元/克,跌
2017-09-09,中国黄金,基础金价,282.7,元/克,跌
2017-09-08,中国黄金,基础金价,283.0,元/克,涨
2017-09-07,中国黄金,基础金价,282.2,元/克,跌
2017-09-06,中国黄金,基础金价,282.8,元/克,涨
2017-09-05,中国黄金,基础金价,282.4,元/克,涨
2017-09-04,中国黄金,基础金价,281.0,元/克,平
2017-09-01,中国黄金,基础金价,281.0,元/克,涨
2017-08-31,中国黄金,基础金价,279.2,元/克,跌
2017-08-30,中国黄金,基础金价,280.7,元/克,跌
2017-08-29,中国黄金,基础金价,282.2,元/克,涨
2020-10-01,中国黄金,基础金价,405.5,元/克,平
2020-09-30,中国黄金,基础金价,405.5,元/克,涨
2020-09-29,中国黄金,基础金价,404.5,元/克,涨
2020-09-28,中国黄金,基础金价,399.0,元/克,跌
2020-09-27,中国黄金,基础金价,400.0,元/克,涨
2020-09-25,中国黄金,基础金价,398.0,元/克,跌
2020-09-24,中国黄金,基础金价,417.0,元/克,平
2020-09-23,中国黄金,基础金价,417.0,元/克,平
2020-09-22,中国黄金,基础金价,417.0,元/克,平
2020-09-21,中国黄金,基础金价,417.0,元/克,平
2020-09-18,中国黄金,基础金价,417.0,元/克,平
2020-03-17,中国黄金,基础金价,334.0,元/克,跌
2020-03-16,中国黄金,基础金价,348.0,元/克,跌
2020-03-13,中国黄金,基础金价,352.0,元/克,跌
2020-03-12,中国黄金,基础金价,367.0,元/克,跌
2020-03-11,中国黄金,基础金价,369.0,元/克,跌
2020-03-10,中国黄金,基础金价,371.0,元/克,跌
2020-03-09,中国黄金,基础金价,377.7,元/克,涨
2020-03-06,中国黄金,基础金价,373.7,元/克,涨
2020-03-05,中国黄金,基础金价,366.3,元/克,跌
2020-03-04,中国黄金,基础金价,368.0,元/克,涨
2020-03-03,中国黄金,基础金价,359.1,元/克,跌
2018-10-04,中国黄金,基础金价,266.2,元/克,平
2018-10-01,中国黄金,基础金价,266.2,元/克,平
2018-09-29,中国黄金,基础金价,266.2,元/克,涨
2018-09-28,中国黄金,基础金价,265.4,元/克,跌
2018-09-27,中国黄金,基础金价,267.6,元/克,跌
2018-09-26,中国黄金,基础金价,267.7,元/克,涨
2018-09-14,中国黄金,基础金价,267.1,元/克,涨
2018-09-13,中国黄金,基础金价,266.7,元/克,涨
2018-09-10,中国黄金,基础金价,266.1,元/克,跌
2018-09-07,中国黄金,基础金价,266.5,元/克,涨
2018-09-06,中国黄金,基础金价,265.7,元/克,跌
2020-02-14,中国黄金,基础金价,354.7,元/克,涨
2020-02-13,中国黄金,基础金价,354.1,元/克,涨
2020-02-12,中国黄金,基础金价,352.6,元/克,跌
2020-02-11,中国黄金,基础金价,353.2,元/克,跌
2020-02-10,中国黄金,基础金价,354.5,元/克,涨
2020-02-07,中国黄金,基础金价,352.2,元/克,涨
2020-02-06,中国黄金,基础金价,351.2,元/克,跌
2020-02-05,中国黄金,基础金价,352.5,元/克,跌
2020-02-04,中国黄金,基础金价,357.7,元/克,平
2020-02-03,中国黄金,基础金价,357.7,元/克,涨
2020-01-31,中国黄金,基础金价,354.5,元/克,涨
2012-06-05,中国黄金,基础金价,332.4,元/克,涨
2012-06-04,中国黄金,基础金价,332.9,元/克,涨
2012-06-01,中国黄金,基础金价,320.6,元/克,跌
2012-05-31,中国黄金,基础金价,321.7,元/克,涨
2012-05-30,中国黄金,基础金价,319.0,元/克,跌
2012-05-29,中国黄金,基础金价,323.5,元/克,跌
2012-05-28,中国黄金,基础金价,323.8,元/克,涨
2012-05-25,中国黄金,基础金价,319.2,元/克,跌
2012-05-24,中国黄金,基础金价,319.8,元/克,平
2012-05-23,中国黄金,基础金价,319.8,元/克,跌
2012-05-22,中国黄金,基础金价,325.8,元/克,跌
2019-06-04,中国黄金,基础金价,298.0,元/克,涨
2019-06-03,中国黄金,基础金价,294.7,元/克,涨
2019-05-31,中国黄金,基础金价,291.1,元/克,涨
2019-05-30,中国黄金,基础金价,288.7,元/克,平
2019-05-29,中国黄金,基础金价,288.7,元/克,跌
2019-05-28,中国黄金,基础金价,288.8,元/克,跌
2019-05-27,中国黄金,基础金价,289.2,元/克,跌
2019-05-24,中国黄金,基础金价,289.6,元/克,涨
2019-05-23,中国黄金,基础金价,287.7,元/克,涨
2019-05-22,中国黄金,基础金价,286.9,元/克,跌
2019-05-21,中国黄金,基础金价,287.3,元/克,跌
2020-12-03,中国黄金,基础金价,382.5,元/克,涨
2020-12-02,中国黄金,基础金价,377.2,元/克,涨
2020-12-01,中国黄金,基础金价,373.0,元/克,跌
2020-11-27,中国黄金,基础金价,379.5,元/克,涨
2020-11-26,中国黄金,基础金价,379.3,元/克,跌
2020-11-25,中国黄金,基础金价,379.9,元/克,跌
2020-11-24,中国黄金,基础金价,382.5,元/克,跌
2020-11-23,中国黄金,基础金价,391.6,元/克,跌
2020-11-20,中国黄金,基础金价,391.7,元/克,跌
2020-11-19,中国黄金,基础金价,393.0,元/克,跌
2020-11-18,中国黄金,基础金价,394.0,元/克,跌
2014-01-06,中国黄金,基础金价,246.3,元/克,涨
2014-01-03,中国黄金,基础金价,242.8,元/克,涨
2014-01-02,中国黄金,基础金价,240.5,元/克,涨
2014-01-01,中国黄金,基础金价,239.5,元/克,涨
2013-12-31,中国黄金,基础金价,238.9,元/克,跌
2013-12-27,中国黄金,基础金价,240.5,元/克,涨
2013-12-26,中国黄金,基础金价,239.3,元/克,涨
2013-12-25,中国黄金,基础金价,238.6,元/克,涨
2013-12-24,中国黄金,基础金价,238.3,元/克,平
2013-12-23,中国黄金,基础金价,238.3,元/克,涨
2013-12-20,中国黄金,基础金价,236.8,元/克,跌
2013-07-12,中国黄金,基础金价,259.9,元/克,涨
2013-07-11,中国黄金,基础金价,259.5,元/克,涨
2013-07-10,中国黄金,基础金价,252.2,元/克,跌
2013-07-09,中国黄金,基础金价,255.4,元/克,涨
2013-07-08,中国黄金,基础金价,249.5,元/克,跌
2013-07-05,中国黄金,基础金价,254.4,元/克,跌
2013-07-04,中国黄金,基础金价,255.4,元/克,涨
2013-07-03,中国黄金,基础金价,255.0,元/克,跌
2013-07-02,中国黄金,基础金价,255.5,元/克,涨
2013-07-01,中国黄金,基础金价,252.5,元/克,涨
2013-06-28,中国黄金,基础金价,243.7,元/克,跌
2019-04-17,中国黄金,基础金价,280.6,元/克,跌
2019-04-16,中国黄金,基础金价,282.2,元/克,跌
2019-04-15,中国黄金,基础金价,282.7,元/克,跌
2019-04-12,中国黄金,基础金价,284.5,元/克,跌
2019-04-11,中国黄金,基础金价,286.5,元/克,涨
2019-04-10,中国黄金,基础金价,285.7,元/克,涨
2019-04-09,中国黄金,基础金价,285.1,元/克,涨
2019-04-08,中国黄金,基础金价,284.0,元/克,涨
2019-04-04,中国黄金,基础金价,283.1,元/克,跌
2019-04-03,中国黄金,基础金价,283.3,元/克,涨
2019-04-02,中国黄金,基础金价,283.0,元/克,跌
2020-04-01,中国黄金,基础金价,356.5,元/克,跌
2020-03-31,中国黄金,基础金价,364.7,元/克,跌
2020-03-30,中国黄金,基础金价,365.5,元/克,跌
2020-03-27,中国黄金,基础金价,367.0,元/克,涨
2020-03-26,中国黄金,基础金价,363.8,元/克,跌
2020-03-25,中国黄金,基础金价,365.0,元/克,涨
2020-03-24,中国黄金,基础金价,358.5,元/克,涨
2020-03-23,中国黄金,基础金价,339.5,元/克,涨
2020-03-20,中国黄金,基础金价,337.0,元/克,涨
2020-03-19,中国黄金,基础金价,336.0,元/克,跌
2020-03-18,中国黄金,基础金价,343.5,元/克,涨
2019-09-23,中国黄金,基础金价,350.3,元/克,涨
2019-09-20,中国黄金,基础金价,346.0,元/克,涨
2019-09-19,中国黄金,基础金价,343.7,元/克,跌
2019-09-18,中国黄金,基础金价,345.7,元/克,涨
2019-09-17,中国黄金,基础金价,344.5,元/克,跌
2019-09-16,中国黄金,基础金价,345.4,元/克,涨
2019-09-12,中国黄金,基础金价,344.1,元/克,跌
2019-09-11,中国黄金,基础金价,345.0,元/克,涨
2019-09-10,中国黄金,基础金价,343.7,元/克,跌
2019-09-09,中国黄金,基础金价,349.2,元/克,跌
2019-09-06,中国黄金,基础金价,351.8,元/克,跌
2019-06-20,中国黄金,基础金价,309.5,元/克,涨
2019-06-19,中国黄金,基础金价,302.3,元/克,跌
2019-06-18,中国黄金,基础金价,302.9,元/克,跌
2019-06-17,中国黄金,基础金价,303.5,元/克,跌
2019-06-14,中国黄金,基础金价,303.6,元/克,涨
2019-06-13,中国黄金,基础金价,301.0,元/克,涨
2019-06-12,中国黄金,基础金价,299.0,元/克,跌
2019-06-11,中国黄金,基础金价,299.3,元/克,跌
2019-06-10,中国黄金,基础金价,300.0,元/克,涨
2019-06-06,中国黄金,基础金价,299.4,元/克,涨
2019-06-05,中国黄金,基础金价,297.9,元/克,跌
2014-01-21,中国黄金,基础金价,247.2,元/克,跌
2014-01-20,中国黄金,基础金价,247.5,元/克,涨
2014-01-17,中国黄金,基础金价,245.2,元/克,涨
2014-01-16,中国黄金,基础金价,244.4,元/克,跌
2014-01-15,中国黄金,基础金价,244.8,元/克,跌
2014-01-14,中国黄金,基础金价,246.8,元/克,跌
2014-01-13,中国黄金,基础金价,246.9,元/克,涨
2014-01-10,中国黄金,基础金价,243.6,元/克,涨
2014-01-09,中国黄金,基础金价,242.2,元/克,跌
2014-01-08,中国黄金,基础金价,243.5,元/克,跌
2014-01-07,中国黄金,基础金价,246.8,元/克,涨
2015-01-21,中国黄金,基础金价,259.8,元/克,涨
2015-01-20,中国黄金,基础金价,256.6,元/克,跌
2015-01-19,中国黄金,基础金价,256.7,元/克,跌
2015-01-17,中国黄金,基础金价,257.6,元/克,涨
2015-01-16,中国黄金,基础金价,252.0,元/克,涨
2015-01-15,中国黄金,基础金价,246.2,元/克,涨
2015-01-14,中国黄金,基础金价,246.0,元/克,跌
2015-01-13,中国黄金,基础金价,248.0,元/克,涨
2015-01-12,中国黄金,基础金价,246.0,元/克,跌
2015-01-10,中国黄金,基础金价,246.2,元/克,涨
2015-01-09,中国黄金,基础金价,243.9,元/克,跌
2014-03-18,中国黄金,基础金价,270.0,元/克,跌
2014-03-17,中国黄金,基础金价,273.1,元/克,涨
2014-03-14,中国黄金,基础金价,270.9,元/克,跌
2014-03-13,中国黄金,基础金价,271.2,元/克,涨
2014-03-12,中国黄金,基础金价,267.8,元/克,涨
2014-03-11,中国黄金,基础金价,264.3,元/克,涨
2014-03-10,中国黄金,基础金价,263.5,元/克,跌
2014-03-07,中国黄金,基础金价,265.9,元/克,涨
2014-03-06,中国黄金,基础金价,264.3,元/克,跌
2014-03-05,中国黄金,基础金价,264.4,元/克,跌
2014-03-04,中国黄金,基础金价,267.3,元/克,涨
2017-01-20,中国黄金,基础金价,270.0,元/克,涨
2017-01-19,中国黄金,基础金价,269.4,元/克,跌
2017-01-18,中国黄金,基础金价,272.9,元/克,涨
2017-01-17,中国黄金,基础金价,271.3,元/克,涨
2017-01-16,中国黄金,基础金价,270.0,元/克,平
2017-01-13,中国黄金,基础金价,270.0,元/克,涨
2017-01-12,中国黄金,基础金价,269.9,元/克,涨
2017-01-11,中国黄金,基础金价,269.5,元/克,涨
2017-01-10,中国黄金,基础金价,267.9,元/克,涨
2017-01-09,中国黄金,基础金价,266.1,元/克,涨
2017-01-06,中国黄金,基础金价,265.8,元/克,涨
2017-09-23,中国黄金,基础金价,278.2,元/克,涨
2017-09-22,中国黄金,基础金价,277.0,元/克,跌
2017-09-21,中国黄金,基础金价,278.5,元/克,跌
2017-09-20,中国黄金,基础金价,279.8,元/克,涨
2017-09-19,中国黄金,基础金价,279.2,元/克,跌
2017-09-18,中国黄金,基础金价,280.3,元/克,跌
2017-09-16,中国黄金,基础金价,281.2,元/克,跌
2017-09-15,中国黄金,基础金价,281.9,元/克,涨
2017-09-14,中国黄金,基础金价,280.4,元/克,跌
2017-09-13,中国黄金,基础金价,281.2,元/克,涨
2017-09-12,中国黄金,基础金价,280.9,元/克,跌
2020-04-17,中国黄金,基础金价,374.8,元/克,跌
2020-04-16,中国黄金,基础金价,376.0,元/克,跌
2020-04-15,中国黄金,基础金价,378.0,元/克,涨
2020-04-14,中国黄金,基础金价,377.5,元/克,涨
2020-04-13,中国黄金,基础金价,372.5,元/克,跌
2020-04-10,中国黄金,基础金价,374.0,元/克,涨
2020-04-09,中国黄金,基础金价,370.1,元/克,跌
2020-04-08,中国黄金,基础金价,370.5,元/克,跌
2020-04-07,中国黄金,基础金价,374.2,元/克,涨
2020-04-03,中国黄金,基础金价,364.8,元/克,涨
2020-04-02,中国黄金,基础金价,359.5,元/克,涨
2020-01-30,中国黄金,基础金价,348.1,元/克,平
2020-01-23,中国黄金,基础金价,348.1,元/克,涨
2020-01-22,中国黄金,基础金价,347.6,元/克,跌
2020-01-21,中国黄金,基础金价,349.5,元/克,涨
2020-01-20,中国黄金,基础金价,346.2,元/克,跌
2020-01-19,中国黄金,基础金价,346.7,元/克,跌
2020-01-17,中国黄金,基础金价,357.1,元/克,涨
2020-01-16,中国黄金,基础金价,346.9,元/克,涨
2020-01-15,中国黄金,基础金价,345.2,元/克,涨
2020-01-14,中国黄金,基础金价,342.3,元/克,跌
2020-01-13,中国黄金,基础金价,348.0,元/克,涨
2015-04-04,中国黄金,基础金价,245.0,元/克,涨
2015-04-03,中国黄金,基础金价,239.8,元/克,跌
2015-04-02,中国黄金,基础金价,240.2,元/克,涨
2015-04-01,中国黄金,基础金价,237.7,元/克,跌
2015-03-31,中国黄金,基础金价,238.0,元/克,跌
2015-03-30,中国黄金,基础金价,240.5,元/克,跌
2015-03-28,中国黄金,基础金价,241.6,元/克,跌
2015-03-27,中国黄金,基础金价,241.7,元/克,涨
2015-03-26,中国黄金,基础金价,240.1,元/克,涨
2015-03-25,中国黄金,基础金价,238.7,元/克,涨
2015-03-24,中国黄金,基础金价,238.6,元/克,涨
2019-07-05,中国黄金,基础金价,317.1,元/克,跌
2019-07-04,中国黄金,基础金价,317.7,元/克,跌
2019-07-03,中国黄金,基础金价,318.7,元/克,涨
2019-07-02,中国黄金,基础金价,310.1,元/克,涨
2019-07-01,中国黄金,基础金价,309.9,元/克,跌
2019-06-28,中国黄金,基础金价,318.0,元/克,涨
2019-06-27,中国黄金,基础金价,315.5,元/克,跌
2019-06-26,中国黄金,基础金价,317.0,元/克,跌
2019-06-25,中国黄金,基础金价,318.7,元/克,涨
2019-06-24,中国黄金,基础金价,314.7,元/克,涨
2019-06-21,中国黄金,基础金价,314.4,元/克,涨
2014-05-06,中国黄金,基础金价,263.6,元/克,平
2014-05-05,中国黄金,基础金价,263.6,元/克,涨
2014-05-04,中国黄金,基础金价,262.2,元/克,涨
2014-04-30,中国黄金,基础金价,261.3,元/克,平
2014-04-29,中国黄金,基础金价,261.3,元/克,跌
2014-04-28,中国黄金,基础金价,263.0,元/克,涨
2014-04-25,中国黄金,基础金价,260.6,元/克,涨
2014-04-24,中国黄金,基础金价,258.4,元/克,平
2014-04-23,中国黄金,基础金价,258.4,元/克,涨
2014-04-22,中国黄金,基础金价,258.0,元/克,跌
2014-04-21,中国黄金,基础金价,258.1,元/克,跌
2019-04-01,中国黄金,基础金价,283.1,元/克,跌
2019-03-29,中国黄金,基础金价,283.5,元/克,跌
2019-03-28,中国黄金,基础金价,287.6,元/克,跌
2019-03-27,中国黄金,基础金价,288.6,元/克,跌
2019-03-26,中国黄金,基础金价,288.8,元/克,涨
2019-03-25,中国黄金,基础金价,287.9,元/克,涨
2019-03-22,中国黄金,基础金价,286.3,元/克,跌
2019-03-21,中国黄金,基础金价,286.7,元/克,涨
2019-03-20,中国黄金,基础金价,285.7,元/克,跌
2019-03-19,中国黄金,基础金价,285.9,元/克,涨
2019-03-18,中国黄金,基础金价,284.5,元/克,涨
2017-10-05,中国黄金,基础金价,278.6,元/克,涨
2017-10-04,中国黄金,基础金价,278.5,元/克,平
2017-10-03,中国黄金,基础金价,278.5,元/克,平
2017-10-02,中国黄金,基础金价,278.5,元/克,平
2017-10-01,中国黄金,基础金价,278.5,元/克,平
2017-09-30,中国黄金,基础金价,278.5,元/克,涨
2017-09-29,中国黄金,基础金价,278.1,元/克,涨
2017-09-28,中国黄金,基础金价,277.9,元/克,跌
2017-09-27,中国黄金,基础金价,279.7,元/克,跌
2017-09-26,中国黄金,基础金价,281.0,元/克,涨
2017-09-25,中国黄金,基础金价,277.2,元/克,跌
2020-05-01,中国黄金,基础金价,378.8,元/克,平
2020-04-30,中国黄金,基础金价,378.8,元/克,跌
2020-04-29,中国黄金,基础金价,379.0,元/克,涨
2020-04-28,中国黄金,基础金价,378.0,元/克,跌
2020-04-27,中国黄金,基础金价,381.5,元/克,跌
2020-04-26,中国黄金,基础金价,382.0,元/克,涨
2020-04-24,中国黄金,基础金价,381.0,元/克,涨
2020-04-23,中国黄金,基础金价,380.0,元/克,涨
2020-04-22,中国黄金,基础金价,374.0,元/克,涨
2020-04-21,中国黄金,基础金价,373.3,元/克,涨
2020-04-20,中国黄金,基础金价,370.7,元/克,跌
2021-01-21,中国黄金,基础金价,388.6,元/克,涨
2021-01-20,中国黄金,基础金价,385.6,元/克,涨
2021-01-18,中国黄金,基础金价,382.2,元/克,跌
2021-01-15,中国黄金,基础金价,386.0,元/克,涨
2021-01-14,中国黄金,基础金价,384.2,元/克,跌
2021-01-13,中国黄金,基础金价,386.8,元/克,涨
2021-01-12,中国黄金,基础金价,386.2,元/克,涨
2021-01-11,中国黄金,基础金价,383.4,元/克,跌
2021-01-08,中国黄金,基础金价,396.5,元/克,平
2021-01-07,中国黄金,基础金价,396.5,元/克,跌
2021-01-06,中国黄金,基础金价,401.7,元/克,涨
2015-04-18,中国黄金,基础金价,241.5,元/克,涨
2015-04-17,中国黄金,基础金价,240.0,元/克,跌
2015-04-16,中国黄金,基础金价,241.7,元/克,涨
2015-04-15,中国黄金,基础金价,240.0,元/克,跌
2015-04-14,中国黄金,基础金价,241.1,元/克,跌
2015-04-13,中国黄金,基础金价,242.1,元/克,跌
2015-04-11,中国黄金,基础金价,242.2,元/克,涨
2015-04-10,中国黄金,基础金价,239.2,元/克,跌
2015-04-09,中国黄金,基础金价,239.8,元/克,跌
2015-04-08,中国黄金,基础金价,241.8,元/克,涨
2015-04-07,中国黄金,基础金价,240.3,元/克,跌
2019-07-22,中国黄金,基础金价,319.1,元/克,跌
2019-07-19,中国黄金,基础金价,322.4,元/克,涨
2019-07-18,中国黄金,基础金价,318.2,元/克,涨
2019-07-17,中国黄金,基础金价,315.0,元/克,跌
2019-07-16,中国黄金,基础金价,316.0,元/克,平
2019-07-15,中国黄金,基础金价,316.0,元/克,涨
2019-07-12,中国黄金,基础金价,315.3,元/克,跌
2019-07-11,中国黄金,基础金价,318.1,元/克,涨
2019-07-10,中国黄金,基础金价,312.5,元/克,平
2019-07-09,中国黄金,基础金价,312.5,元/克,跌
2019-07-08,中国黄金,基础金价,313.4,元/克,跌
2017-07-18,中国黄金,基础金价,272.2,元/克,涨
2017-07-17,中国黄金,基础金价,271.2,元/克,跌
2017-07-15,中国黄金,基础金价,272.0,元/克,涨
2017-07-14,中国黄金,基础金价,268.7,元/克,跌
2017-07-13,中国黄金,基础金价,270.2,元/克,涨
2017-07-12,中国黄金,基础金价,270.0,元/克,涨
2017-07-11,中国黄金,基础金价,268.2,元/克,平
2017-07-10,中国黄金,基础金价,268.2,元/克,跌
2017-07-08,中国黄金,基础金价,270.4,元/克,跌
2017-07-07,中国黄金,基础金价,271.0,元/克,跌
2017-07-06,中国黄金,基础金价,271.5,元/克,平
2015-01-08,中国黄金,基础金价,244.1,元/克,跌
2015-01-07,中国黄金,基础金价,244.6,元/克,涨
2015-01-06,中国黄金,基础金价,242.3,元/克,涨
2015-01-05,中国黄金,基础金价,240.0,元/克,涨
2015-01-04,中国黄金,基础金价,239.5,元/克,涨
2015-01-01,中国黄金,基础金价,238.0,元/克,跌
2014-12-31,中国黄金,基础金价,241.0,元/克,涨
2014-12-30,中国黄金,基础金价,239.0,元/克,跌
2014-12-29,中国黄金,基础金价,240.5,元/克,跌
2014-12-27,中国黄金,基础金价,241.1,元/克,涨
2014-12-26,中国黄金,基础金价,237.7,元/克,涨
2021-02-05,中国黄金,基础金价,375.0,元/克,跌
2021-02-04,中国黄金,基础金价,379.5,元/克,跌
2021-02-03,中国黄金,基础金价,383.5,元/克,跌
2021-02-02,中国黄金,基础金价,388.3,元/克,涨
2021-02-01,中国黄金,基础金价,388.2,元/克,涨
2021-01-29,中国黄金,基础金价,383.6,元/克,跌
2021-01-28,中国黄金,基础金价,384.0,元/克,跌
2021-01-27,中国黄金,基础金价,384.5,元/克,跌
2021-01-26,中国黄金,基础金价,387.6,元/克,涨
2021-01-25,中国黄金,基础金价,387.5,元/克,跌
2021-01-22,中国黄金,基础金价,389.5,元/克,涨
2017-10-19,中国黄金,基础金价,275.9,元/克,跌
2017-10-18,中国黄金,基础金价,276.9,元/克,跌
2017-10-17,中国黄金,基础金价,277.9,元/克,涨
2017-10-16,中国黄金,基础金价,277.7,元/克,跌
2017-10-15,中国黄金,基础金价,278.2,元/克,涨
2017-10-13,中国黄金,基础金价,277.3,元/克,涨
2017-10-12,中国黄金,基础金价,277.0,元/克,涨
2017-10-11,中国黄金,基础金价,276.9,元/克,跌
2017-10-10,中国黄金,基础金价,277.3,元/克,跌
2017-10-09,中国黄金,基础金价,277.5,元/克,跌
2017-10-08,中国黄金,基础金价,278.6,元/克,平
2015-05-01,中国黄金,基础金价,238.5,元/克,跌
2015-04-30,中国黄金,基础金价,241.6,元/克,跌
2015-04-29,中国黄金,基础金价,242.6,元/克,涨
2015-04-28,中国黄金,基础金价,240.9,元/克,涨
2015-04-27,中国黄金,基础金价,236.6,元/克,跌
2015-04-25,中国黄金,基础金价,236.7,元/克,跌
2015-04-24,中国黄金,基础金价,238.9,元/克,涨
2015-04-23,中国黄金,基础金价,238.1,元/克,平
2015-04-22,中国黄金,基础金价,240.4,元/克,涨
2015-04-21,中国黄金,基础金价,239.4,元/克,跌
2015-04-20,中国黄金,基础金价,241.1,元/克,跌
2013-06-09,中国黄金,基础金价,275.3,元/克,平
2013-06-08,中国黄金,基础金价,275.3,元/克,跌
2013-06-07,中国黄金,基础金价,281.4,元/克,涨
2013-06-06,中国黄金,基础金价,279.1,元/克,跌
2013-06-05,中国黄金,基础金价,280.1,元/克,跌
2013-06-04,中国黄金,基础金价,281.5,元/克,涨
2013-06-03,中国黄金,基础金价,279.2,元/克,跌
2013-05-31,中国黄金,基础金价,283.3,元/克,涨
2013-05-30,中国黄金,基础金价,280.2,元/克,涨
2013-05-29,中国黄金,基础金价,279.5,元/克,跌
2013-05-28,中国黄金,基础金价,281.5,元/克,涨
2014-07-08,中国黄金,基础金价,263.6,元/克,平
2014-07-07,中国黄金,基础金价,263.6,元/克,跌
2014-07-04,中国黄金,基础金价,264.2,元/克,跌
2014-07-03,中国黄金,基础金价,265.0,元/克,涨
2014-07-02,中国黄金,基础金价,264.9,元/克,涨
2014-07-01,中国黄金,基础金价,264.8,元/克,涨
2014-06-30,中国黄金,基础金价,263.4,元/克,跌
2014-06-27,中国黄金,基础金价,263.9,元/克,跌
2014-06-26,中国黄金,基础金价,264.0,元/克,涨
2014-06-25,中国黄金,基础金价,263.4,元/克,跌
2014-06-24,中国黄金,基础金价,264.5,元/克,涨
2021-01-05,中国黄金,基础金价,399.8,元/克,涨
2021-01-04,中国黄金,基础金价,399.0,元/克,涨
2020-12-31,中国黄金,基础金价,393.0,元/克,涨
2020-12-30,中国黄金,基础金价,391.6,元/克,跌
2020-12-29,中国黄金,基础金价,392.4,元/克,跌
2020-12-28,中国黄金,基础金价,395.6,元/克,涨
2020-12-25,中国黄金,基础金价,392.0,元/克,涨
2020-12-24,中国黄金,基础金价,391.2,元/克,涨
2020-12-23,中国黄金,基础金价,390.5,元/克,跌
2020-12-22,中国黄金,基础金价,393.3,元/克,跌
2020-12-21,中国黄金,基础金价,395.5,元/克,涨
2017-11-02,中国黄金,基础金价,274.4,元/克,涨
2017-11-01,中国黄金,基础金价,273.8,元/克,跌
2017-10-31,中国黄金,基础金价,274.8,元/克,涨
2017-10-30,中国黄金,基础金价,274.4,元/克,跌
2017-10-28,中国黄金,基础金价,274.7,元/克,涨
2017-10-27,中国黄金,基础金价,274.4,元/克,跌
2017-10-26,中国黄金,基础金价,275.4,元/克,涨
2017-10-25,中国黄金,基础金价,274.9,元/克,跌
2017-10-24,中国黄金,基础金价,276.0,元/克,涨
2017-10-23,中国黄金,基础金价,275.3,元/克,跌
2017-10-20,中国黄金,基础金价,276.4,元/克,涨
2021-03-02,中国黄金,基础金价,358.1,元/克,跌
2021-03-01,中国黄金,基础金价,366.2,元/克,跌
2021-02-26,中国黄金,基础金价,370.5,元/克,跌
2021-02-25,中国黄金,基础金价,374.0,元/克,跌
2021-02-24,中国黄金,基础金价,377.7,元/克,跌
2021-02-23,中国黄金,基础金价,378.7,元/克,涨
2021-02-22,中国黄金,基础金价,373.3,元/克,跌
2021-02-10,中国黄金,基础金价,382.5,元/克,跌
2021-02-09,中国黄金,基础金价,382.6,元/克,涨
2021-02-08,中国黄金,基础金价,377.3,元/克,跌
2021-02-07,中国黄金,基础金价,379.0,元/克,涨
2012-06-20,中国黄金,基础金价,332.5,元/克,跌
2012-06-19,中国黄金,基础金价,333.7,元/克,涨
2012-06-18,中国黄金,基础金价,333.0,元/克,跌
2012-06-15,中国黄金,基础金价,333.7,元/克,涨
2012-06-14,中国黄金,基础金价,332.6,元/克,涨
2012-06-13,中国黄金,基础金价,331.0,元/克,涨
2012-06-12,中国黄金,基础金价,327.8,元/克,跌
2012-06-11,中国黄金,基础金价,329.1,元/克,涨
2012-06-08,中国黄金,基础金价,323.0,元/克,跌
2012-06-07,中国黄金,基础金价,332.8,元/克,跌
2012-06-06,中国黄金,基础金价,333.8,元/克,涨
2017-01-31,中国黄金,基础金价,271.0,元/克,涨
2017-01-30,中国黄金,基础金价,268.5,元/克,涨
2017-01-29,中国黄金,基础金价,267.8,元/克,平
2017-01-28,中国黄金,基础金价,267.8,元/克,涨
2017-01-27,中国黄金,基础金价,267.5,元/克,跌
2017-01-26,中国黄金,基础金价,267.9,元/克,跌
2017-01-25,中国黄金,基础金价,269.7,元/克,跌
2017-01-24,中国黄金,基础金价,271.2,元/克,跌
2017-01-23,中国黄金,基础金价,271.5,元/克,涨
2017-01-22,中国黄金,基础金价,271.1,元/克,平
2017-01-21,中国黄金,基础金价,271.1,元/克,涨
2020-07-02,中国黄金,基础金价,397.5,元/克,跌
2020-07-01,中国黄金,基础金价,399.9,元/克,涨
2020-06-30,中国黄金,基础金价,397.5,元/克,跌
2020-06-29,中国黄金,基础金价,398.0,元/克,涨
2020-06-28,中国黄金,基础金价,397.7,元/克,涨
2020-06-24,中国黄金,基础金价,397.5,元/克,涨
2020-06-23,中国黄金,基础金价,395.9,元/克,跌
2020-06-22,中国黄金,基础金价,396.5,元/克,涨
2020-06-19,中国黄金,基础金价,390.5,元/克,跌
2020-06-18,中国黄金,基础金价,391.0,元/克,涨
2020-06-17,中国黄金,基础金价,390.5,元/克,平
2015-05-15,中国黄金,基础金价,243.8,元/克,涨
2015-05-14,中国黄金,基础金价,242.7,元/克,涨
2015-05-13,中国黄金,基础金价,239.4,元/克,涨
2015-05-12,中国黄金,基础金价,237.8,元/克,跌
2015-05-11,中国黄金,基础金价,238.7,元/克,平
2015-05-09,中国黄金,基础金价,238.7,元/克,涨
2015-05-08,中国黄金,基础金价,237.6,元/克,跌
2015-05-07,中国黄金,基础金价,239.0,元/克,跌
2015-05-06,中国黄金,基础金价,239.7,元/克,涨
2015-05-05,中国黄金,基础金价,238.5,元/克,涨
2015-05-04,中国黄金,基础金价,237.7,元/克,跌
2014-07-23,中国黄金,基础金价,261.6,元/克,跌
2014-07-22,中国黄金,基础金价,262.5,元/克,涨
2014-07-21,中国黄金,基础金价,261.9,元/克,跌
2014-07-18,中国黄金,基础金价,263.2,元/克,涨
2014-07-17,中国黄金,基础金价,260.6,元/克,涨
2014-07-16,中国黄金,基础金价,259.9,元/克,跌
2014-07-15,中国黄金,基础金价,261.3,元/克,跌
2014-07-14,中国黄金,基础金价,267.6,元/克,跌
2014-07-11,中国黄金,基础金价,267.8,元/克,涨
2014-07-10,中国黄金,基础金价,265.4,元/克,涨
2014-07-09,中国黄金,基础金价,263.3,元/克,跌
2014-12-25,中国黄金,基础金价,237.2,元/克,涨
2014-12-24,中国黄金,基础金价,236.9,元/克,跌
2014-12-23,中国黄金,基础金价,237.1,元/克,跌
2014-12-22,中国黄金,基础金价,241.0,元/克,平
2014-12-20,中国黄金,基础金价,241.0,元/克,涨
2014-12-19,中国黄金,基础金价,240.9,元/克,平
2014-12-18,中国黄金,基础金价,240.9,元/克,涨
2014-12-17,中国黄金,基础金价,239.8,元/克,跌
2014-12-16,中国黄金,基础金价,239.9,元/克,跌
2014-12-15,中国黄金,基础金价,243.4,元/克,跌
2014-12-13,中国黄金,基础金价,244.5,元/克,跌
2017-07-05,中国黄金,基础金价,271.5,元/克,涨
2017-07-04,中国黄金,基础金价,271.0,元/克,跌
2017-07-03,中国黄金,基础金价,273.3,元/克,跌
2017-07-01,中国黄金,基础金价,274.8,元/克,涨
2017-06-30,中国黄金,基础金价,274.7,元/克,跌
2017-06-29,中国黄金,基础金价,276.6,元/克,跌
2017-06-28,中国黄金,基础金价,277.1,元/克,涨
2017-06-27,中国黄金,基础金价,276.5,元/克,跌
2017-06-26,中国黄金,基础金价,279.1,元/克,跌
2017-06-25,中国黄金,基础金价,279.9,元/克,涨
2017-06-23,中国黄金,基础金价,278.3,元/克,涨
2018-11-09,中国黄金,基础金价,275.0,元/克,跌
2018-11-08,中国黄金,基础金价,275.5,元/克,跌
2018-11-07,中国黄金,基础金价,275.7,元/克,跌
2018-11-06,中国黄金,基础金价,276.0,元/克,涨
2018-11-05,中国黄金,基础金价,275.7,元/克,跌
2018-11-02,中国黄金,基础金价,276.4,元/克,涨
2018-11-01,中国黄金,基础金价,275.0,元/克,跌
2018-10-31,中国黄金,基础金价,276.0,元/克,跌
2018-10-30,中国黄金,基础金价,277.6,元/克,跌
2018-10-29,中国黄金,基础金价,278.2,元/克,涨
2018-10-26,中国黄金,基础金价,278.1,元/克,跌
2017-11-16,中国黄金,基础金价,275.7,元/克,跌
2017-11-15,中国黄金,基础金价,275.9,元/克,跌
2017-11-14,中国黄金,基础金价,276.0,元/克,跌
2017-11-13,中国黄金,基础金价,276.2,元/克,跌
2017-11-11,中国黄金,基础金价,276.9,元/克,跌
2017-11-10,中国黄金,基础金价,277.2,元/克,涨
2017-11-09,中国黄金,基础金价,276.1,元/克,涨
2017-11-08,中国黄金,基础金价,275.3,元/克,平
2017-11-07,中国黄金,基础金价,275.3,元/克,涨
2017-11-06,中国黄金,基础金价,274.6,元/克,平
2017-11-03,中国黄金,基础金价,274.6,元/克,涨
2021-03-17,中国黄金,基础金价,365.1,元/克,涨
2021-03-16,中国黄金,基础金价,364.5,元/克,涨
2021-03-15,中国黄金,基础金价,364.1,元/克,涨
2021-03-12,中国黄金,基础金价,361.4,元/克,跌
2021-03-11,中国黄金,基础金价,365.1,元/克,涨
2021-03-10,中国黄金,基础金价,361.7,元/克,涨
2021-03-09,中国黄金,基础金价,356.8,元/克,跌
2021-03-08,中国黄金,基础金价,360.0,元/克,涨
2021-03-05,中国黄金,基础金价,354.9,元/克,跌
2021-03-04,中国黄金,基础金价,358.4,元/克,跌
2021-03-03,中国黄金,基础金价,362.3,元/克,涨
2021-04-01,中国黄金,基础金价,363.5,元/克,涨
2021-03-31,中国黄金,基础金价,356.1,元/克,跌
2021-03-30,中国黄金,基础金价,362.5,元/克,跌
2021-03-29,中国黄金,基础金价,366.3,元/克,涨
2021-03-26,中国黄金,基础金价,364.9,元/克,跌
2021-03-25,中国黄金,基础金价,367.1,元/克,涨
2021-03-24,中国黄金,基础金价,366.0,元/克,涨
2021-03-23,中国黄金,基础金价,365.6,元/克,跌
2021-03-22,中国黄金,基础金价,366.6,元/克,涨
2021-03-19,中国黄金,基础金价,365.5,元/克,跌
2021-03-18,中国黄金,基础金价,368.2,元/克,涨
2015-09-11,中国黄金,基础金价,229.5,元/克,涨
2015-09-10,中国黄金,基础金价,225.0,元/克,跌
2015-09-09,中国黄金,基础金价,232.4,元/克,涨
2015-09-08,中国黄金,基础金价,231.8,元/克,跌
2015-09-07,中国黄金,基础金价,232.0,元/克,跌
2015-09-06,中国黄金,基础金价,233.5,元/克,跌
2015-09-02,中国黄金,基础金价,235.0,元/克,跌
2015-09-01,中国黄金,基础金价,235.6,元/克,涨
2015-08-31,中国黄金,基础金价,235.0,元/克,涨
2015-08-28,中国黄金,基础金价,234.1,元/克,平
2015-08-27,中国黄金,基础金价,234.1,元/克,跌
2019-09-05,中国黄金,基础金价,358.4,元/克,跌
2019-09-04,中国黄金,基础金价,359.3,元/克,涨
2019-09-03,中国黄金,基础金价,355.6,元/克,涨
2019-09-02,中国黄金,基础金价,354.6,元/克,涨
2019-08-30,中国黄金,基础金价,354.4,元/克,跌
2019-08-29,中国黄金,基础金价,358.7,元/克,涨
2019-08-28,中国黄金,基础金价,358.0,元/克,涨
2019-08-27,中国黄金,基础金价,355.5,元/克,跌
2019-08-26,中国黄金,基础金价,358.0,元/克,涨
2019-08-23,中国黄金,基础金价,344.6,元/克,涨
2019-08-22,中国黄金,基础金价,344.5,元/克,跌
2015-05-28,中国黄金,基础金价,238.5,元/克,跌
2015-05-26,中国黄金,基础金价,241.9,元/克,涨
2015-05-25,中国黄金,基础金价,241.7,元/克,涨
2015-05-23,中国黄金,基础金价,240.1,元/克,涨
2015-05-23,中国黄金,基础金价,242.1,元/克,涨
2015-05-22,中国黄金,基础金价,241.8,元/克,跌
2015-05-21,中国黄金,基础金价,242.8,元/克,涨
2015-05-20,中国黄金,基础金价,242.5,元/克,跌
2015-05-19,中国黄金,基础金价,245.5,元/克,涨
2015-05-18,中国黄金,基础金价,245.0,元/克,跌
2015-05-16,中国黄金,基础金价,245.5,元/克,涨
2020-07-17,中国黄金,基础金价,397.6,元/克,跌
2020-07-16,中国黄金,基础金价,401.0,元/克,跌
2020-07-15,中国黄金,基础金价,401.7,元/克,涨
2020-07-14,中国黄金,基础金价,400.0,元/克,跌
2020-07-13,中国黄金,基础金价,400.8,元/克,涨
2020-07-10,中国黄金,基础金价,400.5,元/克,跌
2020-07-09,中国黄金,基础金价,401.8,元/克,涨
2020-07-08,中国黄金,基础金价,399.7,元/克,涨
2020-07-07,中国黄金,基础金价,398.3,元/克,涨
2020-07-06,中国黄金,基础金价,398.0,元/克,跌
2020-07-03,中国黄金,基础金价,398.3,元/克,涨
2014-03-03,中国黄金,基础金价,266.2,元/克,涨
2014-02-28,中国黄金,基础金价,263.5,元/克,涨
2014-02-27,中国黄金,基础金价,262.2,元/克,跌
2014-02-26,中国黄金,基础金价,264.5,元/克,涨
2014-02-25,中国黄金,基础金价,262.8,元/克,涨
2014-02-24,中国黄金,基础金价,260.0,元/克,涨
2014-02-21,中国黄金,基础金价,259.5,元/克,涨
2014-02-20,中国黄金,基础金价,258.2,元/克,跌
2014-02-19,中国黄金,基础金价,258.6,元/克,跌
2014-02-18,中国黄金,基础金价,259.6,元/克,跌
2014-02-17,中国黄金,基础金价,261.0,元/克,涨
2014-05-21,中国黄金,基础金价,260.6,元/克,涨
2014-05-20,中国黄金,基础金价,260.4,元/克,平
2014-05-19,中国黄金,基础金价,260.4,元/克,平
2014-05-16,中国黄金,基础金价,260.4,元/克,跌
2014-05-15,中国黄金,基础金价,262.0,元/克,涨
2014-05-14,中国黄金,基础金价,260.5,元/克,跌
2014-05-13,中国黄金,基础金价,261.0,元/克,涨
2014-05-12,中国黄金,基础金价,259.1,元/克,跌
2014-05-09,中国黄金,基础金价,259.4,元/克,跌
2014-05-08,中国黄金,基础金价,259.6,元/克,跌
2014-05-07,中国黄金,基础金价,263.5,元/克,跌
2020-06-01,中国黄金,基础金价,395.0,元/克,涨
2020-05-29,中国黄金,基础金价,392.0,元/克,涨
2020-05-28,中国黄金,基础金价,390.9,元/克,涨
2020-05-27,中国黄金,基础金价,390.6,元/克,跌
2020-05-26,中国黄金,基础金价,393.2,元/克,涨
2020-05-25,中国黄金,基础金价,392.0,元/克,涨
2020-05-22,中国黄金,基础金价,390.6,元/克,跌
2020-05-21,中国黄金,基础金价,394.5,元/克,跌
2020-05-20,中国黄金,基础金价,396.5,元/克,涨
2020-05-19,中国黄金,基础金价,393.7,元/克,跌
2020-05-18,中国黄金,基础金价,400.0,元/克,涨
2014-08-07,中国黄金,基础金价,259.7,元/克,涨
2014-08-06,中国黄金,基础金价,257.2,元/克,平
2014-08-05,中国黄金,基础金价,257.2,元/克,跌
2014-08-04,中国黄金,基础金价,258.3,元/克,涨
2014-08-01,中国黄金,基础金价,256.5,元/克,跌
2014-07-31,中国黄金,基础金价,258.6,元/克,跌
2014-07-30,中国黄金,基础金价,259.5,元/克,跌
2014-07-29,中国黄金,基础金价,260.6,元/克,平
2014-07-28,中国黄金,基础金价,260.6,元/克,涨
2014-07-25,中国黄金,基础金价,258.2,元/克,跌
2014-07-24,中国黄金,基础金价,259.6,元/克,跌
2019-10-09,中国黄金,基础金价,348.4,元/克,涨
2019-10-08,中国黄金,基础金价,344.5,元/克,跌
2019-10-05,中国黄金,基础金价,346.3,元/克,涨
2019-10-04,中国黄金,基础金价,345.7,元/克,平
2019-10-03,中国黄金,基础金价,345.7,元/克,涨
2019-09-30,中国黄金,基础金价,345.2,元/克,涨
2019-09-29,中国黄金,基础金价,344.3,元/克,跌
2019-09-27,中国黄金,基础金价,348.2,元/克,跌
2019-09-26,中国黄金,基础金价,349.1,元/克,跌
2019-09-25,中国黄金,基础金价,353.3,元/克,涨
2019-09-24,中国黄金,基础金价,351.1,元/克,涨
2017-11-29,中国黄金,基础金价,276.9,元/克,平
2017-11-28,中国黄金,基础金价,276.9,元/克,涨
2017-11-27,中国黄金,基础金价,275.8,元/克,跌
2017-11-25,中国黄金,基础金价,276.1,元/克,涨
2017-11-24,中国黄金,基础金价,275.9,元/克,跌
2017-11-23,中国黄金,基础金价,276.3,元/克,涨
2017-11-22,中国黄金,基础金价,276.0,元/克,涨
2017-11-21,中国黄金,基础金价,275.9,元/克,跌
2017-11-20,中国黄金,基础金价,277.2,元/克,跌
2017-11-18,中国黄金,基础金价,278.2,元/克,涨
2017-11-17,中国黄金,基础金价,275.6,元/克,跌
2019-10-23,中国黄金,基础金价,341.1,元/克,涨
2019-10-22,中国黄金,基础金价,340.0,元/克,跌
2019-10-21,中国黄金,基础金价,341.2,元/克,跌
2019-10-18,中国黄金,基础金价,342.3,元/克,涨
2019-10-17,中国黄金,基础金价,341.9,元/克,涨
2019-10-16,中国黄金,基础金价,340.7,元/克,跌
2019-10-15,中国黄金,基础金价,342.2,元/克,涨
2019-10-14,中国黄金,基础金价,341.2,元/克,跌
2019-10-12,中国黄金,基础金价,341.7,元/克,跌
2019-10-11,中国黄金,基础金价,344.2,元/克,跌
2019-10-10,中国黄金,基础金价,347.7,元/克,跌
2012-07-06,中国黄金,基础金价,330.0,元/克,跌
2012-07-05,中国黄金,基础金价,331.7,元/克,涨
2012-07-04,中国黄金,基础金价,331.5,元/克,涨
2012-07-03,中国黄金,基础金价,328.0,元/克,涨
2012-07-02,中国黄金,基础金价,326.5,元/克,涨
2012-06-29,中国黄金,基础金价,321.8,元/克,跌
2012-06-28,中国黄金,基础金价,323.5,元/克,跌
2012-06-27,中国黄金,基础金价,323.7,元/克,涨
2012-06-26,中国黄金,基础金价,326.0,元/克,涨
2012-06-25,中国黄金,基础金价,323.9,元/克,跌
2012-06-21,中国黄金,基础金价,329.1,元/克,跌
2015-06-11,中国黄金,基础金价,238.2,元/克,涨
2015-06-10,中国黄金,基础金价,236.6,元/克,涨
2015-06-09,中国黄金,基础金价,235.7,元/克,跌
2015-06-08,中国黄金,基础金价,236.2,元/克,涨
2015-06-07,中国黄金,基础金价,236.0,元/克,跌
2015-06-05,中国黄金,基础金价,236.5,元/克,跌
2015-06-04,中国黄金,基础金价,237.4,元/克,跌
2015-06-03,中国黄金,基础金价,239.0,元/克,涨
2015-06-02,中国黄金,基础金价,238.4,元/克,跌
2015-06-01,中国黄金,基础金价,238.8,元/克,涨
2015-05-29,中国黄金,基础金价,238.5,元/克,平
2020-08-03,中国黄金,基础金价,428.5,元/克,涨
2020-07-31,中国黄金,基础金价,425.0,元/克,跌
2020-07-30,中国黄金,基础金价,428.5,元/克,涨
2020-07-29,中国黄金,基础金价,428.0,元/克,跌
2020-07-28,中国黄金,基础金价,435.0,元/克,涨
2020-07-27,中国黄金,基础金价,426.5,元/克,涨
2020-07-24,中国黄金,基础金价,416.0,元/克,涨
2020-07-23,中国黄金,基础金价,412.5,元/克,涨
2020-07-22,中国黄金,基础金价,411.0,元/克,涨
2020-07-21,中国黄金,基础金价,400.5,元/克,涨
2020-07-20,中国黄金,基础金价,399.0,元/克,涨
2013-05-10,中国黄金,基础金价,296.8,元/克,跌
2013-05-09,中国黄金,基础金价,298.0,元/克,涨
2013-05-08,中国黄金,基础金价,296.5,元/克,跌
2013-05-07,中国黄金,基础金价,297.5,元/克,跌
2013-05-06,中国黄金,基础金价,298.0,元/克,平
2013-05-03,中国黄金,基础金价,298.0,元/克,涨
2013-05-02,中国黄金,基础金价,295.2,元/克,跌
2013-04-28,中国黄金,基础金价,298.0,元/克,平
2013-04-27,中国黄金,基础金价,298.0,元/克,跌
2013-04-26,中国黄金,基础金价,305.0,元/克,涨
2013-04-25,中国黄金,基础金价,298.5,元/克,涨
2014-08-22,中国黄金,基础金价,254.0,元/克,跌
2014-08-21,中国黄金,基础金价,254.7,元/克,跌
2014-08-20,中国黄金,基础金价,257.3,元/克,跌
2014-08-19,中国黄金,基础金价,258.1,元/克,跌
2014-08-18,中国黄金,基础金价,258.2,元/克,跌
2014-08-15,中国黄金,基础金价,260.6,元/克,跌
2014-08-14,中国黄金,基础金价,260.7,元/克,涨
2014-08-13,中国黄金,基础金价,260.2,元/克,涨
2014-08-12,中国黄金,基础金价,259.9,元/克,跌
2014-08-11,中国黄金,基础金价,260.1,元/克,跌
2014-08-08,中国黄金,基础金价,261.1,元/克,涨
2014-12-12,中国黄金,基础金价,244.7,元/克,跌
2014-12-11,中国黄金,基础金价,245.7,元/克,涨
2014-12-10,中国黄金,基础金价,245.3,元/克,涨
2014-12-09,中国黄金,基础金价,239.8,元/克,涨
2014-12-08,中国黄金,基础金价,237.5,元/克,跌
2014-12-06,中国黄金,基础金价,237.7,元/克,跌
2014-12-05,中国黄金,基础金价,239.2,元/克,跌
2014-12-04,中国黄金,基础金价,240.0,元/克,涨
2014-12-03,中国黄金,基础金价,238.4,元/克,跌
2014-12-02,中国黄金,基础金价,239.8,元/克,涨
2014-12-01,中国黄金,基础金价,228.5,元/克,跌
2017-06-22,中国黄金,基础金价,278.2,元/克,涨
2017-06-21,中国黄金,基础金价,276.7,元/克,平
2017-06-20,中国黄金,基础金价,276.7,元/克,跌
2017-06-19,中国黄金,基础金价,278.3,元/克,跌
2017-06-16,中国黄金,基础金价,280.1,元/克,平
2017-06-15,中国黄金,基础金价,280.1,元/克,平
2017-06-14,中国黄金,基础金价,280.1,元/克,涨
2017-06-13,中国黄金,基础金价,279.5,元/克,跌
2017-06-12,中国黄金,基础金价,280.1,元/克,跌
2017-06-10,中国黄金,基础金价,280.8,元/克,跌
2017-06-09,中国黄金,基础金价,282.1,元/克,跌
2019-08-21,中国黄金,基础金价,344.9,元/克,涨
2019-08-20,中国黄金,基础金价,343.7,元/克,跌
2019-08-19,中国黄金,基础金价,345.2,元/克,跌
2019-08-16,中国黄金,基础金价,348.0,元/克,涨
2019-08-15,中国黄金,基础金价,347.9,元/克,涨
2019-08-14,中国黄金,基础金价,343.2,元/克,跌
2019-08-13,中国黄金,基础金价,348.1,元/克,涨
2019-08-12,中国黄金,基础金价,344.7,元/克,跌
2019-08-09,中国黄金,基础金价,345.1,元/克,涨
2019-08-08,中国黄金,基础金价,344.4,元/克,涨
2019-08-07,中国黄金,基础金价,339.8,元/克,涨
2013-06-27,中国黄金,基础金价,251.0,元/克,跌
2013-06-26,中国黄金,基础金价,254.0,元/克,跌
2013-06-25,中国黄金,基础金价,260.4,元/克,跌
2013-06-24,中国黄金,基础金价,262.0,元/克,涨
2013-06-21,中国黄金,基础金价,261.0,元/克,跌
2013-06-20,中国黄金,基础金价,270.2,元/克,跌
2013-06-19,中国黄金,基础金价,274.7,元/克,跌
2013-06-18,中国黄金,基础金价,277.3,元/克,跌
2013-06-17,中国黄金,基础金价,277.9,元/克,涨
2013-06-14,中国黄金,基础金价,277.5,元/克,跌
2013-06-13,中国黄金,基础金价,277.6,元/克,涨
2017-12-13,中国黄金,基础金价,267.9,元/克,跌
2017-12-12,中国黄金,基础金价,268.1,元/克,跌
2017-12-11,中国黄金,基础金价,268.4,元/克,跌
2017-12-09,中国黄金,基础金价,269.1,元/克,涨
2017-12-08,中国黄金,基础金价,269.0,元/克,跌
2017-12-07,中国黄金,基础金价,271.7,元/克,跌
2017-12-06,中国黄金,基础金价,271.9,元/克,跌
2017-12-05,中国黄金,基础金价,273.9,元/克,涨
2017-12-04,中国黄金,基础金价,273.6,元/克,跌
2017-12-01,中国黄金,基础金价,273.9,元/克,跌
2017-11-30,中国黄金,基础金价,276.0,元/克,跌
2019-11-07,中国黄金,基础金价,338.2,元/克,涨
2019-11-06,中国黄金,基础金价,336.4,元/克,跌
2019-11-05,中国黄金,基础金价,343.1,元/克,跌
2019-11-04,中国黄金,基础金价,344.2,元/克,跌
2019-11-01,中国黄金,基础金价,344.3,元/克,涨
2019-10-31,中国黄金,基础金价,341.3,元/克,涨
2019-10-30,中国黄金,基础金价,341.1,元/克,跌
2019-10-29,中国黄金,基础金价,341.5,元/克,跌
2019-10-28,中国黄金,基础金价,344.3,元/克,涨
2019-10-25,中国黄金,基础金价,343.6,元/克,涨
2019-10-24,中国黄金,基础金价,341.5,元/克,涨
2019-02-28,中国黄金,基础金价,287.0,元/克,跌
2019-02-27,中国黄金,基础金价,288.9,元/克,跌
2019-02-26,中国黄金,基础金价,289.1,元/克,跌
2019-02-25,中国黄金,基础金价,289.4,元/克,跌
2019-02-22,中国黄金,基础金价,289.9,元/克,跌
2019-02-21,中国黄金,基础金价,292.7,元/克,跌
2019-02-20,中国黄金,基础金价,293.6,元/克,涨
2019-02-19,中国黄金,基础金价,291.7,元/克,涨
2019-02-18,中国黄金,基础金价,290.6,元/克,涨
2019-02-15,中国黄金,基础金价,288.4,元/克,涨
2019-02-14,中国黄金,基础金价,288.0,元/克,跌
2020-01-10,中国黄金,基础金价,347.7,元/克,跌
2020-01-09,中国黄金,基础金价,350.2,元/克,跌
2020-01-08,中国黄金,基础金价,356.7,元/克,涨
2020-01-07,中国黄金,基础金价,351.7,元/克,跌
2020-01-06,中国黄金,基础金价,356.0,元/克,涨
2020-01-03,中国黄金,基础金价,346.3,元/克,涨
2020-01-02,中国黄金,基础金价,343.2,元/克,跌
2019-12-31,中国黄金,基础金价,343.4,元/克,涨
2019-12-27,中国黄金,基础金价,342.8,元/克,涨
2019-12-26,中国黄金,基础金价,339.7,元/克,跌
2019-12-25,中国黄金,基础金价,340.2,元/克,涨
2015-06-26,中国黄金,基础金价,236.0,元/克,平
2015-06-25,中国黄金,基础金价,236.0,元/克,跌
2015-06-24,中国黄金,基础金价,236.6,元/克,跌
2015-06-23,中国黄金,基础金价,238.2,元/克,跌
2015-06-20,中国黄金,基础金价,240.6,元/克,涨
2015-06-19,中国黄金,基础金价,240.4,元/克,涨
2015-06-18,中国黄金,基础金价,237.5,元/克,涨
2015-06-17,中国黄金,基础金价,237.0,元/克,跌
2015-06-16,中国黄金,基础金价,237.9,元/克,涨
2015-06-15,中国黄金,基础金价,237.3,元/克,平
2015-06-12,中国黄金,基础金价,237.3,元/克,跌
2020-08-18,中国黄金,基础金价,422.0,元/克,平
2020-08-17,中国黄金,基础金价,422.0,元/克,平
2020-08-14,中国黄金,基础金价,422.0,元/克,涨
2020-08-13,中国黄金,基础金价,414.0,元/克,涨
2020-08-12,中国黄金,基础金价,404.0,元/克,跌
2020-08-11,中国黄金,基础金价,440.0,元/克,跌
2020-08-10,中国黄金,基础金价,441.0,元/克,跌
2020-08-07,中国黄金,基础金价,448.0,元/克,涨
2020-08-06,中国黄金,基础金价,441.0,元/克,涨
2020-08-05,中国黄金,基础金价,437.0,元/克,涨
2020-08-04,中国黄金,基础金价,429.0,元/克,涨
2014-02-14,中国黄金,基础金价,256.1,元/克,涨
2014-02-13,中国黄金,基础金价,253.6,元/克,涨
2014-02-12,中国黄金,基础金价,252.8,元/克,涨
2014-02-11,中国黄金,基础金价,252.3,元/克,涨
2014-02-10,中国黄金,基础金价,249.5,元/克,涨
2014-01-28,中国黄金,基础金价,247.0,元/克,跌
2014-01-27,中国黄金,基础金价,249.6,元/克,涨
2014-01-26,中国黄金,基础金价,249.4,元/克,涨
2014-01-24,中国黄金,基础金价,247.5,元/克,涨
2014-01-23,中国黄金,基础金价,243.2,元/克,跌
2014-01-22,中国黄金,基础金价,244.4,元/克,跌
2020-05-15,中国黄金,基础金价,388.0,元/克,涨
2020-05-14,中国黄金,基础金价,383.7,元/克,涨
2020-05-13,中国黄金,基础金价,381.7,元/克,涨
2020-05-12,中国黄金,基础金价,381.0,元/克,跌
2020-05-11,中国黄金,基础金价,382.0,元/克,平
2020-05-09,中国黄金,基础金价,382.0,元/克,跌
2020-05-08,中国黄金,基础金价,383.7,元/克,涨
2020-05-07,中国黄金,基础金价,379.7,元/克,跌
2020-05-06,中国黄金,基础金价,380.8,元/克,涨
2020-05-05,中国黄金,基础金价,378.8,元/克,平
2020-05-04,中国黄金,基础金价,378.8,元/克,平
2014-09-09,中国黄金,基础金价,249.7,元/克,跌
2014-09-05,中国黄金,基础金价,250.7,元/克,跌
2014-09-04,中国黄金,基础金价,252.1,元/克,涨
2014-09-03,中国黄金,基础金价,251.7,元/克,跌
2014-09-02,中国黄金,基础金价,255.2,元/克,跌
2014-09-01,中国黄金,基础金价,255.3,元/克,跌
2014-08-29,中国黄金,基础金价,255.9,元/克,涨
2014-08-28,中国黄金,基础金价,255.2,元/克,平
2014-08-27,中国黄金,基础金价,255.2,元/克,涨
2014-08-26,中国黄金,基础金价,254.3,元/克,跌
2014-08-25,中国黄金,基础金价,254.6,元/克,涨
2021-05-06,中国黄金,基础金价,374.7,元/克,涨
2021-04-30,中国黄金,基础金价,369.7,元/克,跌
2021-04-29,中国黄金,基础金价,372.2,元/克,涨
2021-04-28,中国黄金,基础金价,371.4,元/克,跌
2021-04-27,中国黄金,基础金价,372.7,元/克,涨
2021-04-26,中国黄金,基础金价,372.6,元/克,跌
2021-04-25,中国黄金,基础金价,373.3,元/克,跌
2021-04-23,中国黄金,基础金价,374.8,元/克,跌
2021-04-22,中国黄金,基础金价,376.2,元/克,涨
2021-04-21,中国黄金,基础金价,374.8,元/克,涨
2021-04-20,中国黄金,基础金价,372.5,元/克,跌
2019-11-22,中国黄金,基础金价,333.0,元/克,跌
2019-11-21,中国黄金,基础金价,335.4,元/克,涨
2019-11-20,中国黄金,基础金价,334.6,元/克,涨
2019-11-19,中国黄金,基础金价,334.3,元/克,涨
2019-11-18,中国黄金,基础金价,332.5,元/克,涨
2019-11-15,中国黄金,基础金价,332.3,元/克,涨
2019-11-14,中国黄金,基础金价,332.0,元/克,涨
2019-11-13,中国黄金,基础金价,330.8,元/克,涨
2019-11-12,中国黄金,基础金价,329.7,元/克,跌
2019-11-11,中国黄金,基础金价,331.0,元/克,跌
2019-11-08,中国黄金,基础金价,331.3,元/克,跌
2017-12-28,中国黄金,基础金价,274.4,元/克,涨
2017-12-27,中国黄金,基础金价,273.3,元/克,涨
2017-12-26,中国黄金,基础金价,273.0,元/克,涨
2017-12-25,中国黄金,基础金价,272.8,元/克,涨
2017-12-22,中国黄金,基础金价,271.1,元/克,跌
2017-12-21,中国黄金,基础金价,271.3,元/克,跌
2017-12-20,中国黄金,基础金价,272.0,元/克,涨
2017-12-19,中国黄金,基础金价,271.2,元/克,涨
2017-12-18,中国黄金,基础金价,270.5,元/克,涨
2017-12-15,中国黄金,基础金价,270.2,元/克,跌
2017-12-14,中国黄金,基础金价,270.6,元/克,涨
2020-12-18,中国黄金,基础金价,391.3,元/克,涨
2020-12-17,中国黄金,基础金价,387.5,元/克,涨
2020-12-16,中国黄金,基础金价,387.2,元/克,涨
2020-12-15,中国黄金,基础金价,381.8,元/克,跌
2020-12-14,中国黄金,基础金价,381.9,元/克,跌
2020-12-11,中国黄金,基础金价,382.5,元/克,平
2020-12-10,中国黄金,基础金价,382.5,元/克,跌
2020-12-09,中国黄金,基础金价,387.4,元/克,平
2020-12-08,中国黄金,基础金价,387.4,元/克,涨
2020-12-07,中国黄金,基础金价,381.7,元/克,跌
2020-12-04,中国黄金,基础金价,383.9,元/克,涨
2019-03-15,中国黄金,基础金价,284.0,元/克,跌
2019-03-14,中国黄金,基础金价,285.8,元/克,涨
2019-03-13,中国黄金,基础金价,285.2,元/克,涨
2019-03-12,中国黄金,基础金价,283.8,元/克,跌
2019-03-11,中国黄金,基础金价,284.7,元/克,涨
2019-03-08,中国黄金,基础金价,281.9,元/克,涨
2019-03-07,中国黄金,基础金价,281.7,元/克,涨
2019-03-06,中国黄金,基础金价,280.9,元/克,平
2019-03-05,中国黄金,基础金价,280.9,元/克,跌
2019-03-04,中国黄金,基础金价,282.9,元/克,跌
2019-03-01,中国黄金,基础金价,286.5,元/克,跌
2015-07-10,中国黄金,基础金价,233.2,元/克,涨
2015-07-09,中国黄金,基础金价,232.7,元/克,涨
2015-07-08,中国黄金,基础金价,232.0,元/克,跌
2015-07-07,中国黄金,基础金价,234.8,元/克,平
2015-07-06,中国黄金,基础金价,234.8,元/克,涨
2015-07-03,中国黄金,基础金价,234.3,元/克,跌
2015-07-02,中国黄金,基础金价,234.5,元/克,跌
2015-07-01,中国黄金,基础金价,235.7,元/克,跌
2015-06-30,中国黄金,基础金价,236.8,元/克,涨
2015-06-29,中国黄金,基础金价,236.7,元/克,涨
2015-06-27,中国黄金,基础金价,236.4,元/克,涨
2020-09-02,中国黄金,基础金价,420.0,元/克,跌
2020-09-01,中国黄金,基础金价,423.5,元/克,涨
2020-08-31,中国黄金,基础金价,420.5,元/克,涨
2020-08-28,中国黄金,基础金价,416.3,元/克,跌
2020-08-27,中国黄金,基础金价,417.3,元/克,涨
2020-08-26,中国黄金,基础金价,413.3,元/克,跌
2020-08-25,中国黄金,基础金价,414.0,元/克,涨
2020-08-24,中国黄金,基础金价,411.5,元/克,跌
2020-08-21,中国黄金,基础金价,416.0,元/克,平
2020-08-20,中国黄金,基础金价,416.0,元/克,跌
2020-08-19,中国黄金,基础金价,428.0,元/克,涨
2014-09-24,中国黄金,基础金价,242.3,元/克,涨
2014-09-23,中国黄金,基础金价,241.9,元/克,涨
2014-09-22,中国黄金,基础金价,240.7,元/克,跌
2014-09-19,中国黄金,基础金价,243.0,元/克,跌
2014-09-18,中国黄金,基础金价,243.5,元/克,跌
2014-09-17,中国黄金,基础金价,246.1,元/克,跌
2014-09-16,中国黄金,基础金价,246.2,元/克,涨
2014-09-15,中国黄金,基础金价,245.1,元/克,平
2014-09-12,中国黄金,基础金价,245.1,元/克,跌
2014-09-11,中国黄金,基础金价,247.7,元/克,跌
2014-09-10,中国黄金,基础金价,248.3,元/克,跌
2014-11-28,中国黄金,基础金价,235.3,元/克,跌
2014-11-27,中国黄金,基础金价,236.7,元/克,跌
2014-11-26,中国黄金,基础金价,237.4,元/克,跌
2014-11-25,中国黄金,基础金价,237.8,元/克,平
2014-11-24,中国黄金,基础金价,237.8,元/克,涨
2014-11-21,中国黄金,基础金价,235.7,元/克,涨
2014-11-20,中国黄金,基础金价,233.8,元/克,跌
2014-11-19,中国黄金,基础金价,236.1,元/克,涨
2014-11-18,中国黄金,基础金价,234.7,元/克,平
2014-11-17,中国黄金,基础金价,234.7,元/克,涨
2014-11-14,中国黄金,基础金价,229.6,元/克,涨
2019-08-06,中国黄金,基础金价,336.2,元/克,涨
2019-08-05,中国黄金,基础金价,331.6,元/克,涨
2019-08-02,中国黄金,基础金价,323.2,元/克,涨
2019-08-01,中国黄金,基础金价,316.5,元/克,平
2019-07-31,中国黄金,基础金价,320.1,元/克,涨
2019-07-30,中国黄金,基础金价,318.9,元/克,涨
2019-07-29,中国黄金,基础金价,318.8,元/克,涨
2019-07-26,中国黄金,基础金价,317.0,元/克,跌
2019-07-25,中国黄金,基础金价,318.3,元/克,涨
2019-07-24,中国黄金,基础金价,318.1,元/克,涨
2019-07-23,中国黄金,基础金价,318.0,元/克,跌
2019-12-09,中国黄金,基础金价,333.0,元/克,跌
2019-12-06,中国黄金,基础金价,336.7,元/克,跌
2019-12-05,中国黄金,基础金价,337.0,元/克,跌
2019-12-04,中国黄金,基础金价,338.0,元/克,涨
2019-12-03,中国黄金,基础金价,333.0,元/克,涨
2019-12-02,中国黄金,基础金价,332.3,元/克,涨
2019-11-29,中国黄金,基础金价,331.3,元/克,跌
2019-11-28,中国黄金,基础金价,331.5,元/克,跌
2019-11-27,中国黄金,基础金价,332.0,元/克,涨
2019-11-26,中国黄金,基础金价,330.4,元/克,跌
2019-11-25,中国黄金,基础金价,332.4,元/克,跌
2021-05-20,中国黄金,基础金价,390.2,元/克,涨
2021-05-19,中国黄金,基础金价,387.6,元/克,跌
2021-05-18,中国黄金,基础金价,388.7,元/克,涨
2021-05-17,中国黄金,基础金价,385.3,元/克,涨
2021-05-14,中国黄金,基础金价,379.5,元/克,涨
2021-05-13,中国黄金,基础金价,379.4,元/克,跌
2021-05-12,中国黄金,基础金价,379.5,元/克,跌
2021-05-11,中国黄金,基础金价,381.0,元/克,涨
2021-05-10,中国黄金,基础金价,380.6,元/克,跌
2021-05-08,中国黄金,基础金价,381.0,元/克,涨
2021-05-07,中国黄金,基础金价,379.8,元/克,涨
2016-05-09,中国黄金,基础金价,270.1,元/克,涨
2016-05-06,中国黄金,基础金价,268.7,元/克,跌
2016-05-05,中国黄金,基础金价,269.5,元/克,跌
2016-05-04,中国黄金,基础金价,269.7,元/克,跌
2016-05-03,中国黄金,基础金价,271.0,元/克,涨
2016-04-29,中国黄金,基础金价,267.2,元/克,涨
2016-04-28,中国黄金,基础金价,261.5,元/克,平
2016-04-27,中国黄金,基础金价,261.5,元/克,涨
2016-04-26,中国黄金,基础金价,260.4,元/克,涨
2016-04-25,中国黄金,基础金价,259.5,元/克,跌
2016-04-22,中国黄金,基础金价,262.1,元/克,涨
2020-09-17,中国黄金,基础金价,417.0,元/克,平
2020-09-16,中国黄金,基础金价,417.0,元/克,平
2020-09-15,中国黄金,基础金价,417.0,元/克,平
2020-09-14,中国黄金,基础金价,417.0,元/克,平
2020-09-11,中国黄金,基础金价,417.0,元/克,平
2020-09-10,中国黄金,基础金价,417.0,元/克,涨
2020-09-09,中国黄金,基础金价,414.0,元/克,涨
2020-09-08,中国黄金,基础金价,413.0,元/克,跌
2020-09-07,中国黄金,基础金价,415.0,元/克,涨
2020-09-04,中国黄金,基础金价,414.5,元/克,跌
2020-09-03,中国黄金,基础金价,417.0,元/克,跌
2018-10-25,中国黄金,基础金价,278.4,元/克,涨
2018-10-24,中国黄金,基础金价,277.8,元/克,涨
2018-10-23,中国黄金,基础金价,275.4,元/克,跌
2018-10-22,中国黄金,基础金价,275.8,元/克,跌
2018-10-19,中国黄金,基础金价,276.0,元/克,涨
2018-10-18,中国黄金,基础金价,275.0,元/克,涨
2018-10-17,中国黄金,基础金价,274.4,元/克,涨
2018-10-11,中国黄金,基础金价,268.5,元/克,涨
2018-10-10,中国黄金,基础金价,267.6,元/克,跌
2018-10-08,中国黄金,基础金价,267.9,元/克,涨
2018-10-07,中国黄金,基础金价,266.2,元/克,平
2015-07-27,中国黄金,基础金价,220.8,元/克,涨
2015-07-24,中国黄金,基础金价,218.4,元/克,跌
2015-07-23,中国黄金,基础金价,221.3,元/克,平
2015-07-22,中国黄金,基础金价,221.0,元/克,跌
2015-07-21,中国黄金,基础金价,221.9,元/克,跌
2015-07-20,中国黄金,基础金价,223.0,元/克,跌
2015-07-17,中国黄金,基础金价,230.4,元/克,平
2015-07-16,中国黄金,基础金价,230.4,元/克,跌
2015-07-15,中国黄金,基础金价,232.6,元/克,涨
2015-07-14,中国黄金,基础金价,232.5,元/克,跌
2015-07-13,中国黄金,基础金价,233.6,元/克,涨
